BehaviorID,UserID,DestinationID,Action,Timestamp,Duration,Device
1,987,59,View,2026-05-11T22:21:35.300848,63,Tablet
2,987,3,Share,2026-04-17T22:21:35.301427,578,Desktop
3,987,61,Book,2026-04-21T22:21:35.301948,82,Mobile
4,987,14,View,2026-05-08T22:21:35.302498,227,Desktop
5,319,62,View,2026-05-10T22:21:35.303005,513,Tablet
6,319,85,Click,2026-05-01T22:21:35.303506,354,Mobile
7,319,74,Book,2026-04-14T22:21:35.303982,427,Desktop
8,319,48,Book,2026-05-07T22:21:35.304658,462,Tablet
9,319,42,Click,2026-05-02T22:21:35.305397,526,Mobile
10,319,78,Book,2026-05-02T22:21:35.306116,15,Desktop
11,100,16,View,2026-05-04T22:21:35.306902,493,Tablet
12,100,74,Bookmark,2026-04-28T22:21:35.307921,468,Tablet
13,100,27,View,2026-04-26T22:21:35.309278,320,Desktop
14,462,96,Share,2026-05-05T22:21:35.310135,341,Desktop
15,462,2,View,2026-04-18T22:21:35.310992,8,Desktop
16,462,78,Book,2026-05-08T22:21:35.311765,265,Tablet
17,462,69,Bookmark,2026-05-07T22:21:35.312519,98,Mobile
18,462,8,Book,2026-04-23T22:21:35.313269,502,Desktop
19,165,30,View,2026-05-05T22:21:35.314046,595,Desktop
20,165,74,View,2026-05-04T22:21:35.314769,381,Mobile
21,165,73,Book,2026-05-07T22:21:35.315558,329,Desktop
22,165,31,Book,2026-04-15T22:21:35.316319,72,Desktop
23,165,26,View,2026-05-10T22:21:35.317061,28,Tablet
24,165,83,Click,2026-05-11T22:21:35.317786,40,Mobile
25,165,34,View,2026-05-06T22:21:35.318517,215,Desktop
26,165,23,Share,2026-05-07T22:21:35.319252,446,Tablet
27,165,26,Book,2026-04-28T22:21:35.320044,348,Desktop
28,165,40,Book,2026-04-13T22:21:35.320760,527,Mobile
29,967,12,Click,2026-05-07T22:21:35.321516,135,Desktop
30,967,97,Book,2026-04-21T22:21:35.322250,28,Tablet
31,967,33,Click,2026-04-18T22:21:35.322978,196,Tablet
32,967,92,View,2026-04-26T22:21:35.323732,388,Desktop
33,967,89,Share,2026-05-01T22:21:35.324516,7,Desktop
34,967,29,Share,2026-04-19T22:21:35.325483,215,Mobile
35,967,16,Bookmark,2026-04-16T22:21:35.326363,330,Desktop
36,967,57,Click,2026-04-14T22:21:35.327529,396,Desktop
37,967,96,View,2026-04-17T22:21:35.328439,366,Desktop
38,967,44,Share,2026-05-03T22:21:35.329217,525,Tablet
39,967,89,View,2026-04-19T22:21:35.329973,10,Desktop
40,223,74,Click,2026-05-02T22:21:35.330756,549,Mobile
41,223,53,Bookmark,2026-04-20T22:21:35.331531,585,Desktop
42,223,29,Share,2026-04-17T22:21:35.332073,308,Desktop
43,223,26,Book,2026-05-05T22:21:35.332665,383,Mobile
44,223,56,View,2026-05-09T22:21:35.333398,180,Mobile
45,223,34,Book,2026-04-18T22:21:35.334120,349,Desktop
46,223,23,View,2026-04-29T22:21:35.334836,34,Desktop
47,223,38,Click,2026-04-18T22:21:35.335605,232,Mobile
48,223,93,Click,2026-05-04T22:21:35.336328,403,Tablet
49,223,44,Bookmark,2026-05-03T22:21:35.337049,128,Tablet
50,223,48,Book,2026-04-15T22:21:35.338041,52,Mobile
51,223,95,Book,2026-05-12T22:21:35.338775,122,Tablet
52,223,47,Click,2026-04-17T22:21:35.339501,57,Desktop
53,553,89,Share,2026-04-26T22:21:35.340376,163,Tablet
54,553,44,Book,2026-04-16T22:21:35.341599,283,Tablet
55,553,68,Share,2026-05-03T22:21:35.342699,109,Desktop
56,553,13,View,2026-05-01T22:21:35.343625,495,Mobile
57,553,40,Click,2026-04-20T22:21:35.344432,178,Desktop
58,553,87,View,2026-04-21T22:21:35.345209,253,Tablet
59,553,52,Share,2026-04-22T22:21:35.345960,121,Tablet
60,553,17,Click,2026-04-26T22:21:35.346660,42,Mobile
61,553,13,Book,2026-05-04T22:21:35.347581,414,Mobile
62,553,19,View,2026-04-27T22:21:35.348535,162,Desktop
63,553,79,Share,2026-05-08T22:21:35.349341,201,Tablet
64,553,98,Bookmark,2026-04-17T22:21:35.350097,542,Mobile
65,553,95,Bookmark,2026-05-01T22:21:35.350836,541,Mobile
66,864,65,Click,2026-05-03T22:21:35.351617,36,Mobile
67,864,74,Click,2026-05-12T22:21:35.352353,297,Mobile
68,864,82,Book,2026-04-21T22:21:35.353082,473,Desktop
69,864,78,Click,2026-05-11T22:21:35.353802,64,Mobile
70,864,11,View,2026-04-17T22:21:35.354623,46,Desktop
71,864,61,Share,2026-04-30T22:21:35.355348,488,Mobile
72,864,62,Click,2026-05-01T22:21:35.356077,544,Desktop
73,864,28,Bookmark,2026-05-02T22:21:35.356868,139,Desktop
74,864,95,View,2026-04-20T22:21:35.357797,322,Mobile
75,864,38,Click,2026-04-19T22:21:35.358556,520,Tablet
76,864,60,Share,2026-04-15T22:21:35.359334,376,Desktop
77,864,57,Bookmark,2026-05-04T22:21:35.360063,529,Tablet
78,864,84,Book,2026-04-14T22:21:35.360796,307,Tablet
79,864,2,Share,2026-05-05T22:21:35.361526,546,Tablet
80,814,40,Book,2026-05-12T22:21:35.362356,228,Desktop
81,814,28,Book,2026-04-19T22:21:35.363108,365,Mobile
82,814,98,Bookmark,2026-04-21T22:21:35.363827,82,Desktop
83,814,74,Book,2026-05-07T22:21:35.364554,420,Mobile
84,814,62,Book,2026-05-10T22:21:35.365278,256,Mobile
85,814,13,Bookmark,2026-04-27T22:21:35.366000,232,Tablet
86,814,47,Click,2026-04-21T22:21:35.366713,587,Mobile
87,814,72,View,2026-04-20T22:21:35.367629,206,Desktop
88,814,97,Bookmark,2026-04-13T22:21:35.368367,583,Tablet
89,577,50,Book,2026-05-03T22:21:35.369197,71,Desktop
90,577,45,Bookmark,2026-04-30T22:21:35.369922,59,Mobile
91,577,94,View,2026-04-27T22:21:35.370640,251,Tablet
92,99,58,Share,2026-05-01T22:21:35.371400,375,Mobile
93,99,29,Click,2026-05-06T22:21:35.372121,593,Tablet
94,99,69,Click,2026-05-11T22:21:35.372840,180,Mobile
95,99,89,View,2026-05-06T22:21:35.373629,290,Mobile
96,99,4,Bookmark,2026-04-16T22:21:35.374629,540,Desktop
97,99,37,Book,2026-04-14T22:21:35.375636,29,Mobile
98,99,31,Book,2026-05-10T22:21:35.376439,352,Desktop
99,99,58,Share,2026-04-22T22:21:35.377173,118,Desktop
100,99,4,Share,2026-04-23T22:21:35.377905,419,Tablet
101,99,78,Share,2026-04-29T22:21:35.378590,389,Tablet
102,116,59,Book,2026-05-04T22:21:35.379434,192,Mobile
103,116,79,Bookmark,2026-05-03T22:21:35.380157,468,Desktop
104,116,87,Bookmark,2026-04-15T22:21:35.380876,157,Mobile
105,116,51,Bookmark,2026-05-11T22:21:35.381588,540,Mobile
106,116,37,Bookmark,2026-04-20T22:21:35.382317,128,Desktop
107,116,28,Book,2026-04-18T22:21:35.383037,275,Mobile
108,116,58,Bookmark,2026-05-04T22:21:35.383746,588,Tablet
109,116,97,Click,2026-05-04T22:21:35.384515,597,Mobile
110,874,40,Book,2026-04-13T22:21:35.385275,463,Desktop
111,874,81,Click,2026-04-20T22:21:35.385998,406,Mobile
112,874,27,View,2026-05-08T22:21:35.386706,87,Tablet
113,551,7,Click,2026-04-29T22:21:35.387460,31,Desktop
114,551,59,Bookmark,2026-04-16T22:21:35.388181,72,Desktop
115,551,4,Click,2026-04-20T22:21:35.388899,396,Desktop
116,551,22,Bookmark,2026-05-04T22:21:35.389609,376,Mobile
117,551,81,Bookmark,2026-04-18T22:21:35.390438,164,Tablet
118,551,97,View,2026-05-03T22:21:35.391351,292,Mobile
119,551,67,Click,2026-04-16T22:21:35.392356,479,Mobile
120,551,17,Book,2026-04-17T22:21:35.393098,217,Mobile
121,306,35,View,2026-04-20T22:21:35.393864,42,Mobile
122,306,4,Share,2026-04-24T22:21:35.394633,265,Desktop
123,306,48,Share,2026-04-20T22:21:35.395180,50,Desktop
124,489,9,Click,2026-05-03T22:21:35.396150,582,Mobile
125,489,38,Bookmark,2026-04-20T22:21:35.397061,109,Tablet
126,489,20,Click,2026-04-27T22:21:35.397861,595,Mobile
127,489,20,View,2026-04-25T22:21:35.398629,545,Mobile
128,489,35,View,2026-05-09T22:21:35.399379,119,Desktop
129,489,70,Click,2026-05-06T22:21:35.400125,594,Tablet
130,489,38,Book,2026-04-21T22:21:35.400880,110,Mobile
131,489,13,View,2026-04-19T22:21:35.401616,406,Mobile
132,489,18,Book,2026-05-08T22:21:35.402355,587,Tablet
133,489,73,Bookmark,2026-05-01T22:21:35.403096,56,Mobile
134,489,46,Share,2026-05-06T22:21:35.403827,525,Mobile
135,489,9,Share,2026-04-21T22:21:35.404554,511,Mobile
136,489,33,View,2026-04-28T22:21:35.405287,92,Tablet
137,489,93,View,2026-04-14T22:21:35.406021,287,Desktop
138,644,82,Book,2026-04-27T22:21:35.406839,524,Desktop
139,644,63,Share,2026-05-11T22:21:35.407824,247,Mobile
140,644,22,Book,2026-05-07T22:21:35.408759,383,Desktop
141,644,13,View,2026-04-21T22:21:35.409687,121,Mobile
142,644,94,Book,2026-05-01T22:21:35.410687,16,Desktop
143,644,4,Bookmark,2026-04-27T22:21:35.411463,400,Mobile
144,303,21,Share,2026-05-04T22:21:35.412257,332,Desktop
145,303,96,Share,2026-05-03T22:21:35.413000,179,Mobile
146,303,59,View,2026-04-30T22:21:35.413742,432,Tablet
147,303,29,Book,2026-05-10T22:21:35.414534,313,Mobile
148,303,60,View,2026-05-07T22:21:35.415276,180,Desktop
149,303,80,Bookmark,2026-04-25T22:21:35.416015,271,Tablet
150,303,23,Bookmark,2026-04-16T22:21:35.416760,131,Desktop
151,303,56,Click,2026-04-16T22:21:35.417519,589,Tablet
152,303,55,View,2026-04-25T22:21:35.418264,560,Tablet
153,473,56,Share,2026-05-12T22:21:35.419028,67,Desktop
154,473,40,Book,2026-05-05T22:21:35.419753,572,Mobile
155,473,100,Book,2026-04-13T22:21:35.420489,511,Mobile
156,473,75,Bookmark,2026-05-02T22:21:35.421220,53,Tablet
157,473,40,Book,2026-04-28T22:21:35.421944,220,Desktop
158,473,67,Book,2026-05-12T22:21:35.422681,291,Desktop
159,473,76,Book,2026-04-29T22:21:35.423492,379,Tablet
160,474,77,Bookmark,2026-04-22T22:21:35.424364,570,Tablet
161,474,48,View,2026-05-05T22:21:35.425177,275,Tablet
162,474,88,View,2026-04-27T22:21:35.425857,220,Tablet
163,474,7,Bookmark,2026-04-15T22:21:35.426955,288,Desktop
164,474,98,Share,2026-05-07T22:21:35.427549,389,Tablet
165,474,56,Share,2026-04-27T22:21:35.428375,178,Mobile
166,474,18,View,2026-05-09T22:21:35.429225,295,Tablet
167,474,79,Book,2026-04-29T22:21:35.430002,146,Mobile
168,474,5,Bookmark,2026-04-21T22:21:35.430748,544,Mobile
169,474,4,Click,2026-05-07T22:21:35.431503,289,Mobile
170,474,35,Share,2026-05-10T22:21:35.432248,472,Desktop
171,474,58,Bookmark,2026-04-25T22:21:35.432997,482,Desktop
172,474,56,Click,2026-04-22T22:21:35.433723,481,Tablet
173,697,52,Click,2026-04-21T22:21:35.434499,481,Desktop
174,697,10,Share,2026-04-27T22:21:35.435252,346,Desktop
175,697,96,Share,2026-05-03T22:21:35.435981,78,Mobile
176,697,63,Share,2026-04-28T22:21:35.436663,239,Mobile
177,697,71,Click,2026-05-11T22:21:35.437781,591,Mobile
178,697,19,Book,2026-04-23T22:21:35.438562,213,Desktop
179,697,82,Book,2026-05-09T22:21:35.439317,164,Tablet
180,697,3,Share,2026-04-14T22:21:35.440077,42,Desktop
181,697,6,View,2026-04-26T22:21:35.441055,380,Mobile
182,697,83,Bookmark,2026-05-03T22:21:35.442368,474,Desktop
183,697,2,Share,2026-05-04T22:21:35.443337,330,Mobile
184,697,69,Share,2026-04-22T22:21:35.444198,258,Desktop
185,697,97,Bookmark,2026-04-29T22:21:35.444973,152,Mobile
186,743,99,Bookmark,2026-04-15T22:21:35.445755,296,Tablet
187,743,42,Share,2026-05-02T22:21:35.446505,559,Tablet
188,743,6,Book,2026-04-16T22:21:35.447247,454,Desktop
189,743,9,Bookmark,2026-04-27T22:21:35.447981,465,Desktop
190,743,18,Book,2026-04-18T22:21:35.448701,504,Desktop
191,743,58,Bookmark,2026-04-26T22:21:35.449432,451,Mobile
192,743,79,Book,2026-05-11T22:21:35.450158,463,Mobile
193,743,98,Share,2026-05-04T22:21:35.450876,535,Desktop
194,743,84,View,2026-04-23T22:21:35.451605,163,Mobile
195,743,68,Book,2026-04-19T22:21:35.452330,145,Tablet
196,743,20,Click,2026-04-15T22:21:35.453055,408,Desktop
197,743,89,Bookmark,2026-04-13T22:21:35.453769,444,Mobile
198,447,65,Bookmark,2026-04-20T22:21:35.454526,117,Tablet
199,447,24,View,2026-05-05T22:21:35.455247,527,Desktop
200,447,60,Book,2026-04-28T22:21:35.455965,504,Mobile
201,447,17,Share,2026-04-16T22:21:35.456689,440,Tablet
202,447,10,View,2026-04-15T22:21:35.458203,212,Tablet
203,447,20,View,2026-05-08T22:21:35.459428,301,Desktop
204,107,32,Bookmark,2026-05-09T22:21:35.460301,436,Tablet
205,107,46,Click,2026-04-15T22:21:35.461078,170,Tablet
206,107,65,View,2026-04-17T22:21:35.461829,375,Desktop
207,107,82,Share,2026-04-22T22:21:35.462588,323,Desktop
208,107,97,Click,2026-04-20T22:21:35.463342,290,Tablet
209,107,64,View,2026-05-12T22:21:35.464090,510,Mobile
210,107,59,Book,2026-05-10T22:21:35.464828,335,Mobile
211,107,95,Share,2026-05-09T22:21:35.465568,167,Mobile
212,107,5,Bookmark,2026-04-25T22:21:35.466307,485,Mobile
213,107,4,Bookmark,2026-04-25T22:21:35.467073,156,Tablet
214,108,28,View,2026-04-30T22:21:35.467847,53,Tablet
215,108,2,Book,2026-04-17T22:21:35.468586,160,Tablet
216,108,34,Book,2026-05-03T22:21:35.469325,372,Mobile
217,108,57,Bookmark,2026-05-06T22:21:35.470120,123,Tablet
218,108,100,View,2026-04-24T22:21:35.470852,262,Mobile
219,108,59,Bookmark,2026-05-07T22:21:35.471588,243,Tablet
220,108,70,View,2026-04-15T22:21:35.472645,29,Desktop
221,108,28,Click,2026-04-16T22:21:35.473490,565,Tablet
222,108,66,Book,2026-04-20T22:21:35.474328,507,Desktop
223,108,80,Share,2026-05-11T22:21:35.475168,521,Mobile
224,108,98,Share,2026-05-06T22:21:35.476216,179,Desktop
225,108,77,Share,2026-05-11T22:21:35.477171,522,Mobile
226,435,53,View,2026-04-28T22:21:35.478077,63,Desktop
227,435,7,Book,2026-04-18T22:21:35.478846,220,Tablet
228,435,27,Share,2026-04-14T22:21:35.479589,577,Tablet
229,202,44,Book,2026-05-12T22:21:35.480370,99,Tablet
230,202,44,Share,2026-04-13T22:21:35.481115,321,Tablet
231,202,79,View,2026-04-27T22:21:35.481856,471,Tablet
232,202,50,Bookmark,2026-05-04T22:21:35.482589,549,Mobile
233,202,87,Share,2026-05-11T22:21:35.483325,211,Mobile
234,202,64,Book,2026-04-25T22:21:35.484081,511,Desktop
235,202,85,Share,2026-05-01T22:21:35.484817,562,Desktop
236,135,66,Share,2026-05-11T22:21:35.485581,545,Mobile
237,135,100,View,2026-05-12T22:21:35.486317,303,Tablet
238,135,70,Share,2026-04-22T22:21:35.487052,35,Desktop
239,135,40,Bookmark,2026-04-23T22:21:35.487870,388,Tablet
240,135,7,Share,2026-05-12T22:21:35.488620,479,Mobile
241,135,61,Share,2026-04-22T22:21:35.489340,412,Tablet
242,135,61,Bookmark,2026-05-09T22:21:35.490092,287,Mobile
243,68,20,Share,2026-04-25T22:21:35.490889,592,Desktop
244,68,3,Click,2026-05-06T22:21:35.491624,471,Mobile
245,68,68,Click,2026-05-07T22:21:35.492426,485,Desktop
246,68,8,Share,2026-04-28T22:21:35.493223,524,Desktop
247,68,6,Book,2026-04-24T22:21:35.493975,498,Desktop
248,68,7,Click,2026-04-30T22:21:35.494719,66,Desktop
249,68,85,Share,2026-05-12T22:21:35.495449,301,Tablet
250,68,42,Share,2026-05-11T22:21:35.496187,399,Mobile
251,68,50,Bookmark,2026-04-13T22:21:35.496925,340,Tablet
252,634,20,Share,2026-04-16T22:21:35.497701,553,Tablet
253,634,93,Bookmark,2026-05-08T22:21:35.498442,205,Tablet
254,634,32,Book,2026-04-29T22:21:35.499181,374,Tablet
255,634,95,Click,2026-05-05T22:21:35.499921,391,Tablet
256,634,29,Bookmark,2026-04-17T22:21:35.500659,438,Tablet
257,634,10,Book,2026-04-18T22:21:35.501386,487,Tablet
258,634,61,Bookmark,2026-04-15T22:21:35.502127,239,Tablet
259,634,27,Bookmark,2026-04-13T22:21:35.503007,327,Mobile
260,634,59,Book,2026-05-02T22:21:35.503775,567,Mobile
261,634,46,Bookmark,2026-04-16T22:21:35.504512,510,Tablet
262,991,3,Book,2026-04-15T22:21:35.505293,470,Tablet
263,991,45,Share,2026-04-18T22:21:35.506029,67,Tablet
264,991,74,Book,2026-04-16T22:21:35.506743,180,Mobile
265,991,69,Book,2026-04-30T22:21:35.507737,277,Tablet
266,991,37,Book,2026-04-28T22:21:35.508629,238,Tablet
267,991,33,Book,2026-05-10T22:21:35.509503,284,Tablet
268,991,18,Bookmark,2026-05-06T22:21:35.510244,314,Desktop
269,991,60,Book,2026-04-22T22:21:35.510973,476,Tablet
270,991,65,Bookmark,2026-04-25T22:21:35.511709,191,Mobile
271,991,85,Book,2026-05-10T22:21:35.512444,477,Desktop
272,991,62,Click,2026-04-13T22:21:35.513175,42,Desktop
273,991,98,Bookmark,2026-04-28T22:21:35.513901,414,Desktop
274,409,42,View,2026-04-25T22:21:35.514671,491,Tablet
275,409,31,Share,2026-04-28T22:21:35.515405,186,Mobile
276,409,45,Bookmark,2026-04-27T22:21:35.516129,54,Mobile
277,409,18,Click,2026-04-26T22:21:35.516867,20,Mobile
278,409,88,Click,2026-04-23T22:21:35.517589,552,Tablet
279,584,39,View,2026-04-18T22:21:35.518368,375,Desktop
280,584,42,Book,2026-05-09T22:21:35.519097,34,Mobile
281,584,33,Click,2026-04-18T22:21:35.519887,569,Mobile
282,584,88,Book,2026-04-21T22:21:35.520623,507,Desktop
283,584,77,Share,2026-05-06T22:21:35.521356,469,Tablet
284,584,91,Bookmark,2026-05-08T22:21:35.522080,302,Mobile
285,584,24,Book,2026-05-08T22:21:35.522812,392,Desktop
286,584,84,Book,2026-04-17T22:21:35.523565,244,Desktop
287,584,94,Share,2026-04-15T22:21:35.524489,331,Mobile
288,584,68,Share,2026-04-20T22:21:35.525791,101,Tablet
289,584,73,Click,2026-05-06T22:21:35.526651,174,Desktop
290,584,77,Book,2026-05-10T22:21:35.527448,462,Desktop
291,584,90,Bookmark,2026-04-15T22:21:35.528218,248,Desktop
292,370,93,View,2026-05-11T22:21:35.528998,379,Desktop
293,370,27,Bookmark,2026-04-21T22:21:35.529747,462,Mobile
294,370,49,Bookmark,2026-04-19T22:21:35.530495,287,Tablet
295,370,17,Click,2026-04-21T22:21:35.531238,426,Mobile
296,370,90,Click,2026-04-24T22:21:35.531974,358,Desktop
297,444,61,Book,2026-05-09T22:21:35.532750,362,Desktop
298,444,95,Share,2026-05-11T22:21:35.533582,476,Mobile
299,444,13,View,2026-05-08T22:21:35.534340,555,Mobile
300,444,57,View,2026-04-19T22:21:35.535066,398,Desktop
301,444,25,View,2026-05-03T22:21:35.535802,299,Desktop
302,444,32,Bookmark,2026-04-14T22:21:35.536544,305,Mobile
303,444,61,Click,2026-04-16T22:21:35.537294,542,Tablet
304,444,90,View,2026-05-10T22:21:35.538031,57,Tablet
305,444,46,Share,2026-04-24T22:21:35.538756,394,Mobile
306,444,75,View,2026-04-14T22:21:35.539498,126,Desktop
307,444,34,Share,2026-05-11T22:21:35.540285,306,Tablet
308,444,19,Bookmark,2026-04-28T22:21:35.541119,332,Mobile
309,444,55,View,2026-05-09T22:21:35.542071,531,Mobile
310,353,23,Share,2026-04-17T22:21:35.542855,491,Desktop
311,353,97,View,2026-05-06T22:21:35.543597,69,Mobile
312,353,79,Book,2026-05-08T22:21:35.544335,146,Desktop
313,353,46,Book,2026-05-02T22:21:35.545071,275,Mobile
314,353,71,Book,2026-04-13T22:21:35.545796,531,Desktop
315,353,78,Bookmark,2026-05-08T22:21:35.546531,216,Desktop
316,353,69,Share,2026-04-22T22:21:35.547291,52,Tablet
317,353,67,Book,2026-04-21T22:21:35.548025,93,Tablet
318,353,36,Share,2026-04-21T22:21:35.548758,426,Tablet
319,353,62,View,2026-05-10T22:21:35.549540,378,Tablet
320,353,18,View,2026-05-10T22:21:35.550270,340,Mobile
321,834,26,Share,2026-04-27T22:21:35.551030,16,Desktop
322,834,85,View,2026-04-22T22:21:35.551766,132,Mobile
323,834,18,Bookmark,2026-04-24T22:21:35.552509,503,Desktop
324,145,71,Share,2026-04-20T22:21:35.553276,407,Mobile
325,145,86,Bookmark,2026-04-27T22:21:35.553999,545,Tablet
326,145,19,Bookmark,2026-04-28T22:21:35.554727,349,Tablet
327,145,20,Book,2026-04-24T22:21:35.555459,302,Mobile
328,145,76,View,2026-04-28T22:21:35.556236,339,Mobile
329,145,27,Bookmark,2026-04-20T22:21:35.557023,275,Tablet
330,145,90,Book,2026-04-21T22:21:35.557909,17,Desktop
331,145,10,Click,2026-04-15T22:21:35.558791,425,Desktop
332,145,27,Click,2026-05-09T22:21:35.559559,20,Tablet
333,989,16,View,2026-04-28T22:21:35.560336,549,Desktop
334,989,69,Bookmark,2026-04-23T22:21:35.561072,69,Desktop
335,989,23,Share,2026-04-24T22:21:35.561795,276,Tablet
336,989,18,Click,2026-04-26T22:21:35.562526,463,Mobile
337,989,56,Book,2026-04-21T22:21:35.563258,525,Mobile
338,989,17,Bookmark,2026-05-08T22:21:35.563980,538,Tablet
339,989,38,Bookmark,2026-05-05T22:21:35.564759,176,Tablet
340,175,96,Share,2026-05-11T22:21:35.565811,256,Mobile
341,175,95,Click,2026-04-28T22:21:35.566625,260,Mobile
342,175,56,Bookmark,2026-04-25T22:21:35.567406,465,Mobile
343,175,95,View,2026-04-27T22:21:35.568172,172,Tablet
344,175,38,Bookmark,2026-04-23T22:21:35.568918,532,Desktop
345,175,23,Click,2026-04-13T22:21:35.569671,526,Mobile
346,175,22,Share,2026-04-28T22:21:35.570416,188,Mobile
347,175,89,Click,2026-04-19T22:21:35.571162,137,Mobile
348,175,55,Click,2026-04-16T22:21:35.571896,464,Desktop
349,175,98,View,2026-04-27T22:21:35.572640,322,Desktop
350,175,27,Share,2026-04-16T22:21:35.573369,398,Mobile
351,175,75,View,2026-04-13T22:21:35.574102,263,Mobile
352,175,14,Book,2026-04-24T22:21:35.574906,413,Mobile
353,204,79,Share,2026-05-05T22:21:35.575734,437,Desktop
354,204,71,Bookmark,2026-04-13T22:21:35.576500,144,Desktop
355,204,14,View,2026-05-09T22:21:35.577242,534,Tablet
356,204,36,Share,2026-04-15T22:21:35.578502,234,Mobile
357,204,47,Share,2026-05-12T22:21:35.579365,546,Mobile
358,204,80,Book,2026-04-18T22:21:35.580151,377,Desktop
359,204,74,Book,2026-05-05T22:21:35.580908,357,Mobile
360,204,1,Book,2026-04-17T22:21:35.581795,466,Tablet
361,204,73,Bookmark,2026-04-17T22:21:35.582550,376,Mobile
362,204,38,Click,2026-05-04T22:21:35.583309,325,Mobile
363,204,75,Book,2026-04-17T22:21:35.584054,289,Mobile
364,204,28,Bookmark,2026-04-27T22:21:35.584789,374,Mobile
365,548,96,Book,2026-05-07T22:21:35.585565,364,Desktop
366,548,48,Bookmark,2026-04-15T22:21:35.586305,204,Desktop
367,548,31,View,2026-05-06T22:21:35.587046,230,Tablet
368,548,24,Share,2026-04-25T22:21:35.587805,539,Mobile
369,548,61,Bookmark,2026-04-27T22:21:35.588547,433,Tablet
370,548,73,Book,2026-04-16T22:21:35.589284,214,Tablet
371,548,70,Bookmark,2026-04-20T22:21:35.590017,572,Tablet
372,548,24,Click,2026-04-28T22:21:35.590719,554,Mobile
373,548,70,View,2026-04-24T22:21:35.591557,515,Desktop
374,548,69,Bookmark,2026-05-08T22:21:35.592400,143,Tablet
375,548,60,Bookmark,2026-04-14T22:21:35.593245,139,Desktop
376,548,67,Book,2026-04-20T22:21:35.594146,81,Desktop
377,548,12,Bookmark,2026-04-21T22:21:35.594928,421,Tablet
378,923,81,Share,2026-05-08T22:21:35.595738,380,Tablet
379,923,84,Bookmark,2026-05-12T22:21:35.596504,456,Tablet
380,923,72,View,2026-05-01T22:21:35.597283,393,Mobile
381,923,1,Bookmark,2026-04-13T22:21:35.598195,587,Desktop
382,923,20,Book,2026-04-16T22:21:35.598941,242,Tablet
383,923,91,Bookmark,2026-04-26T22:21:35.599690,35,Desktop
384,923,19,Click,2026-05-07T22:21:35.600433,211,Desktop
385,740,37,Share,2026-05-05T22:21:35.601210,288,Desktop
386,740,95,View,2026-04-20T22:21:35.601946,399,Tablet
387,740,30,Share,2026-04-18T22:21:35.602690,10,Tablet
388,740,61,Share,2026-05-10T22:21:35.603432,71,Desktop
389,740,92,Book,2026-04-24T22:21:35.604168,428,Desktop
390,740,31,Book,2026-04-22T22:21:35.604896,491,Mobile
391,740,81,Bookmark,2026-05-09T22:21:35.605631,378,Desktop
392,740,24,Bookmark,2026-04-13T22:21:35.606367,131,Tablet
393,740,61,Bookmark,2026-04-23T22:21:35.607087,149,Tablet
394,427,61,Bookmark,2026-04-26T22:21:35.608028,111,Mobile
395,427,61,Share,2026-04-30T22:21:35.608778,318,Tablet
396,427,64,Bookmark,2026-04-18T22:21:35.609545,382,Mobile
397,427,43,View,2026-05-09T22:21:35.610291,577,Desktop
398,427,49,Bookmark,2026-05-01T22:21:35.611025,190,Mobile
399,427,6,Share,2026-04-28T22:21:35.611753,375,Desktop
400,427,98,Book,2026-05-01T22:21:35.612487,208,Desktop
401,427,7,View,2026-04-25T22:21:35.613247,487,Tablet
402,427,69,Share,2026-04-28T22:21:35.614010,174,Tablet
403,683,63,Share,2026-04-17T22:21:35.614775,438,Desktop
404,683,51,Click,2026-04-28T22:21:35.615509,110,Desktop
405,683,32,Share,2026-05-03T22:21:35.616243,528,Tablet
406,796,81,Bookmark,2026-05-05T22:21:35.617010,231,Tablet
407,796,81,Click,2026-04-18T22:21:35.617831,139,Desktop
408,796,88,View,2026-05-10T22:21:35.618571,30,Tablet
409,796,69,Share,2026-04-21T22:21:35.619308,167,Desktop
410,764,89,Share,2026-04-21T22:21:35.620077,71,Tablet
411,764,8,Bookmark,2026-04-25T22:21:35.620801,435,Tablet
412,764,46,Bookmark,2026-04-14T22:21:35.621533,93,Tablet
413,764,51,Click,2026-04-18T22:21:35.622272,117,Tablet
414,578,50,Book,2026-04-29T22:21:35.623038,336,Tablet
415,578,87,Book,2026-05-05T22:21:35.623800,44,Tablet
416,578,59,Book,2026-05-11T22:21:35.624720,206,Tablet
417,578,55,Click,2026-05-09T22:21:35.625498,204,Desktop
418,578,89,Bookmark,2026-04-28T22:21:35.626268,121,Desktop
419,578,40,Share,2026-04-16T22:21:35.627001,267,Tablet
420,578,23,Share,2026-04-26T22:21:35.627735,102,Mobile
421,578,61,Share,2026-04-24T22:21:35.628469,159,Mobile
422,578,37,Click,2026-04-13T22:21:35.629246,420,Mobile
423,578,22,Click,2026-04-14T22:21:35.629994,143,Desktop
424,578,56,Book,2026-04-18T22:21:35.630719,312,Mobile
425,578,17,Bookmark,2026-04-13T22:21:35.631458,588,Mobile
426,578,5,Click,2026-05-07T22:21:35.632193,84,Mobile
427,84,85,Bookmark,2026-04-28T22:21:35.632952,137,Tablet
428,84,38,Book,2026-04-29T22:21:35.633676,184,Mobile
429,84,46,Bookmark,2026-05-09T22:21:35.634416,142,Desktop
430,84,4,Share,2026-05-03T22:21:35.635152,242,Desktop
431,84,76,Bookmark,2026-04-20T22:21:35.635877,320,Mobile
432,84,68,Book,2026-04-25T22:21:35.636610,130,Mobile
433,84,30,Share,2026-04-15T22:21:35.637346,11,Mobile
434,84,74,Book,2026-04-16T22:21:35.638086,488,Tablet
435,84,51,Book,2026-05-06T22:21:35.638809,273,Mobile
436,84,53,Click,2026-04-18T22:21:35.639545,129,Mobile
437,84,13,Book,2026-04-13T22:21:35.640293,478,Mobile
438,775,18,Click,2026-04-22T22:21:35.641156,121,Desktop
439,775,62,Share,2026-04-26T22:21:35.641766,184,Tablet
440,775,77,Share,2026-04-22T22:21:35.642319,597,Desktop
441,143,56,Book,2026-04-13T22:21:35.642868,463,Desktop
442,143,36,View,2026-05-06T22:21:35.643799,24,Tablet
443,143,60,Bookmark,2026-05-03T22:21:35.644571,133,Desktop
444,143,45,Book,2026-05-05T22:21:35.645392,496,Desktop
445,143,98,Share,2026-04-16T22:21:35.646142,201,Tablet
446,143,13,Book,2026-05-08T22:21:35.647062,164,Desktop
447,143,95,View,2026-04-27T22:21:35.647970,239,Tablet
448,143,38,Share,2026-04-17T22:21:35.648744,104,Desktop
449,143,90,Share,2026-05-11T22:21:35.649538,497,Tablet
450,143,63,View,2026-04-17T22:21:35.650294,308,Mobile
451,143,91,Share,2026-05-10T22:21:35.651038,353,Tablet
452,906,60,Bookmark,2026-04-22T22:21:35.651810,387,Tablet
453,906,82,Bookmark,2026-05-04T22:21:35.652555,414,Desktop
454,906,3,Share,2026-05-04T22:21:35.653295,69,Tablet
455,821,47,Bookmark,2026-04-26T22:21:35.654114,415,Tablet
456,821,27,Bookmark,2026-04-16T22:21:35.654846,354,Desktop
457,821,47,Bookmark,2026-04-18T22:21:35.655581,532,Mobile
458,821,27,Book,2026-04-17T22:21:35.656322,235,Mobile
459,302,44,Book,2026-04-14T22:21:35.657157,115,Tablet
460,302,2,View,2026-04-28T22:21:35.658892,216,Desktop
461,302,2,Bookmark,2026-04-20T22:21:35.659708,571,Mobile
462,667,40,Book,2026-05-06T22:21:35.660769,175,Desktop
463,667,13,View,2026-04-27T22:21:35.661637,315,Desktop
464,667,65,Bookmark,2026-04-19T22:21:35.662403,26,Desktop
465,667,45,Bookmark,2026-05-10T22:21:35.663156,357,Tablet
466,667,47,Book,2026-04-16T22:21:35.663903,164,Mobile
467,667,45,Share,2026-05-04T22:21:35.664632,356,Tablet
468,667,85,Click,2026-05-02T22:21:35.665372,31,Tablet
469,667,65,Book,2026-04-22T22:21:35.666109,193,Desktop
470,667,71,Bookmark,2026-04-15T22:21:35.666853,228,Mobile
471,667,97,View,2026-05-08T22:21:35.667620,234,Mobile
472,390,4,Book,2026-04-20T22:21:35.668393,38,Mobile
473,390,68,View,2026-04-21T22:21:35.669133,131,Desktop
474,390,68,Bookmark,2026-04-29T22:21:35.669919,354,Tablet
475,54,52,Click,2026-05-04T22:21:35.670680,518,Mobile
476,54,55,Share,2026-05-05T22:21:35.671413,422,Desktop
477,54,12,Click,2026-04-22T22:21:35.672145,14,Mobile
478,54,89,Click,2026-04-26T22:21:35.672875,202,Desktop
479,54,40,Click,2026-04-13T22:21:35.673739,461,Desktop
480,54,52,View,2026-04-13T22:21:35.674525,486,Desktop
481,742,22,Book,2026-05-01T22:21:35.675579,59,Mobile
482,742,80,Click,2026-05-06T22:21:35.676752,268,Mobile
483,742,40,View,2026-05-08T22:21:35.678086,49,Desktop
484,742,36,View,2026-05-04T22:21:35.679021,440,Tablet
485,742,20,Share,2026-05-11T22:21:35.679819,92,Tablet
486,742,59,Click,2026-05-11T22:21:35.680582,562,Desktop
487,742,50,View,2026-04-30T22:21:35.681334,330,Desktop
488,742,17,Bookmark,2026-04-26T22:21:35.682092,346,Tablet
489,742,70,Share,2026-05-10T22:21:35.682842,253,Desktop
490,742,81,Bookmark,2026-04-26T22:21:35.683587,361,Tablet
491,742,35,Click,2026-05-03T22:21:35.684324,535,Tablet
492,742,95,View,2026-05-11T22:21:35.685137,224,Desktop
493,742,96,View,2026-05-04T22:21:35.685883,385,Mobile
494,57,82,Book,2026-04-25T22:21:35.686715,514,Tablet
495,57,61,Book,2026-05-04T22:21:35.687445,374,Mobile
496,57,69,Share,2026-04-28T22:21:35.688182,87,Tablet
497,57,73,Book,2026-04-21T22:21:35.688927,352,Tablet
498,150,25,View,2026-04-22T22:21:35.689711,393,Tablet
499,150,9,Bookmark,2026-05-08T22:21:35.690626,365,Mobile
500,150,63,Click,2026-05-03T22:21:35.691849,535,Mobile
501,150,56,Book,2026-04-25T22:21:35.692871,72,Desktop
502,505,12,Bookmark,2026-04-21T22:21:35.693761,435,Desktop
503,505,60,Share,2026-04-17T22:21:35.694513,53,Mobile
504,505,42,Book,2026-05-11T22:21:35.695255,126,Mobile
505,505,10,Share,2026-05-10T22:21:35.695988,81,Tablet
506,505,66,Bookmark,2026-04-23T22:21:35.696732,118,Desktop
507,505,52,Share,2026-04-28T22:21:35.697503,442,Mobile
508,505,23,Bookmark,2026-04-20T22:21:35.698269,39,Mobile
509,505,32,Click,2026-04-28T22:21:35.698997,496,Desktop
510,505,16,Bookmark,2026-05-10T22:21:35.699733,570,Mobile
511,960,8,Book,2026-04-17T22:21:35.700507,378,Mobile
512,960,84,Share,2026-04-23T22:21:35.701242,88,Desktop
513,960,31,Book,2026-04-15T22:21:35.701970,591,Mobile
514,960,24,Click,2026-05-07T22:21:35.702711,431,Mobile
515,960,37,Click,2026-04-23T22:21:35.703447,530,Desktop
516,960,4,Book,2026-05-03T22:21:35.704180,378,Tablet
517,960,16,Click,2026-04-18T22:21:35.704904,11,Desktop
518,960,47,Bookmark,2026-04-25T22:21:35.705638,598,Tablet
519,114,33,Click,2026-05-01T22:21:35.706405,575,Desktop
520,114,32,View,2026-04-29T22:21:35.707261,533,Mobile
521,114,21,Share,2026-04-26T22:21:35.708363,88,Desktop
522,403,32,Book,2026-04-27T22:21:35.709635,176,Tablet
523,403,29,View,2026-04-25T22:21:35.710457,323,Desktop
524,403,75,Book,2026-05-01T22:21:35.711230,350,Mobile
525,403,3,Bookmark,2026-05-07T22:21:35.711990,367,Desktop
526,403,20,Book,2026-05-08T22:21:35.712737,299,Tablet
527,403,72,Share,2026-05-12T22:21:35.713484,378,Mobile
528,403,32,Bookmark,2026-05-09T22:21:35.714279,309,Mobile
529,403,96,Click,2026-05-04T22:21:35.715026,234,Mobile
530,403,18,Bookmark,2026-04-28T22:21:35.715761,366,Mobile
531,403,21,Share,2026-05-03T22:21:35.716508,599,Mobile
532,403,65,Book,2026-05-09T22:21:35.717253,499,Desktop
533,403,20,View,2026-05-05T22:21:35.718402,440,Desktop
534,269,42,Share,2026-04-26T22:21:35.719293,562,Mobile
535,269,75,Bookmark,2026-05-09T22:21:35.720127,539,Tablet
536,269,34,Book,2026-04-21T22:21:35.720881,581,Desktop
537,269,28,Click,2026-05-06T22:21:35.721635,186,Desktop
538,269,70,Click,2026-05-01T22:21:35.722381,178,Desktop
539,269,44,View,2026-05-04T22:21:35.723118,518,Desktop
540,269,5,Click,2026-04-20T22:21:35.724268,400,Desktop
541,269,77,Bookmark,2026-04-28T22:21:35.725472,167,Tablet
542,269,79,Bookmark,2026-05-05T22:21:35.726463,27,Mobile
543,138,31,Click,2026-05-11T22:21:35.727547,413,Mobile
544,138,22,Bookmark,2026-05-04T22:21:35.728410,161,Desktop
545,138,22,Share,2026-04-26T22:21:35.729130,168,Mobile
546,138,88,Click,2026-04-20T22:21:35.729879,65,Mobile
547,138,50,Bookmark,2026-05-03T22:21:35.730617,263,Desktop
548,138,18,Bookmark,2026-05-07T22:21:35.731349,216,Tablet
549,138,19,Click,2026-05-10T22:21:35.732071,592,Mobile
550,138,57,Book,2026-04-26T22:21:35.732795,526,Mobile
551,138,29,Click,2026-05-11T22:21:35.733515,493,Desktop
552,542,78,Bookmark,2026-04-22T22:21:35.734260,386,Tablet
553,542,92,View,2026-04-24T22:21:35.734982,456,Desktop
554,542,96,View,2026-04-20T22:21:35.735759,218,Mobile
555,542,92,Bookmark,2026-04-22T22:21:35.736491,451,Tablet
556,542,42,Bookmark,2026-04-20T22:21:35.737212,295,Mobile
557,542,87,View,2026-05-12T22:21:35.737901,88,Mobile
558,542,93,Click,2026-04-24T22:21:35.738628,554,Tablet
559,542,85,Bookmark,2026-04-30T22:21:35.739343,227,Mobile
560,542,35,Bookmark,2026-04-22T22:21:35.740592,315,Mobile
561,542,66,Bookmark,2026-04-23T22:21:35.742178,500,Mobile
562,542,44,View,2026-05-04T22:21:35.743421,200,Desktop
563,103,52,Click,2026-04-17T22:21:35.744270,299,Desktop
564,103,73,Share,2026-05-08T22:21:35.745095,6,Mobile
565,103,88,View,2026-05-06T22:21:35.745859,418,Desktop
566,103,82,Click,2026-05-01T22:21:35.746621,47,Desktop
567,103,48,Book,2026-04-21T22:21:35.747398,393,Desktop
568,103,74,Bookmark,2026-05-11T22:21:35.748148,331,Desktop
569,103,4,Book,2026-04-24T22:21:35.748897,505,Desktop
570,103,38,Click,2026-05-10T22:21:35.749643,192,Tablet
571,103,25,Click,2026-05-06T22:21:35.750388,583,Mobile
572,103,40,Share,2026-04-25T22:21:35.751120,119,Tablet
573,103,37,Bookmark,2026-05-08T22:21:35.751857,405,Desktop
574,188,41,Share,2026-05-03T22:21:35.752642,291,Mobile
575,188,43,Book,2026-05-07T22:21:35.753438,298,Mobile
576,188,63,Bookmark,2026-04-14T22:21:35.754168,548,Tablet
577,188,4,Book,2026-04-30T22:21:35.754904,76,Tablet
578,188,20,View,2026-04-15T22:21:35.755710,93,Desktop
579,188,73,Click,2026-04-17T22:21:35.756616,594,Desktop
580,188,44,Click,2026-04-20T22:21:35.757856,343,Desktop
581,188,5,View,2026-05-07T22:21:35.759076,39,Tablet
582,711,14,View,2026-04-28T22:21:35.759971,222,Desktop
583,711,100,Bookmark,2026-05-08T22:21:35.760752,365,Mobile
584,711,71,Click,2026-04-25T22:21:35.761500,280,Desktop
585,711,26,Book,2026-04-30T22:21:35.762232,405,Mobile
586,253,86,Bookmark,2026-04-26T22:21:35.763005,426,Desktop
587,253,14,Share,2026-05-08T22:21:35.763739,328,Tablet
588,253,63,Book,2026-04-18T22:21:35.764468,49,Desktop
589,253,16,Click,2026-05-11T22:21:35.765184,149,Desktop
590,253,82,Share,2026-04-16T22:21:35.765913,171,Mobile
591,253,34,Click,2026-04-13T22:21:35.766649,325,Tablet
592,253,29,View,2026-05-04T22:21:35.767396,70,Mobile
593,253,17,Bookmark,2026-04-20T22:21:35.768110,582,Desktop
594,253,1,Click,2026-04-29T22:21:35.768907,592,Tablet
595,253,19,Share,2026-05-10T22:21:35.769628,375,Tablet
596,253,68,View,2026-04-26T22:21:35.770478,11,Mobile
597,253,25,Book,2026-04-17T22:21:35.771395,119,Mobile
598,193,62,View,2026-04-29T22:21:35.772144,489,Desktop
599,193,2,Bookmark,2026-05-12T22:21:35.772868,528,Tablet
600,193,69,View,2026-05-02T22:21:35.773847,191,Mobile
601,130,34,Book,2026-04-26T22:21:35.775385,500,Desktop
602,130,59,Click,2026-04-24T22:21:35.776360,416,Tablet
603,130,40,Book,2026-04-18T22:21:35.777142,500,Desktop
604,130,68,Share,2026-05-12T22:21:35.777920,545,Mobile
605,130,56,Click,2026-05-09T22:21:35.778692,216,Desktop
606,130,72,Bookmark,2026-04-25T22:21:35.779468,427,Tablet
607,130,25,Book,2026-04-29T22:21:35.780218,48,Tablet
608,130,40,Book,2026-04-26T22:21:35.780970,590,Tablet
609,130,55,Share,2026-04-20T22:21:35.781723,558,Desktop
610,408,50,Share,2026-05-07T22:21:35.782517,277,Mobile
611,408,57,Bookmark,2026-04-27T22:21:35.783260,104,Desktop
612,408,88,Click,2026-04-23T22:21:35.784008,85,Tablet
613,408,20,Bookmark,2026-04-22T22:21:35.784749,565,Mobile
614,408,4,Click,2026-05-09T22:21:35.785544,295,Desktop
615,408,63,Click,2026-04-22T22:21:35.786279,484,Mobile
616,408,41,Bookmark,2026-04-19T22:21:35.787033,429,Desktop
617,408,21,Click,2026-04-17T22:21:35.787760,29,Desktop
618,408,95,Share,2026-04-22T22:21:35.788503,586,Desktop
619,408,31,Bookmark,2026-05-02T22:21:35.789242,417,Mobile
620,408,82,Bookmark,2026-05-05T22:21:35.789982,335,Mobile
621,62,53,View,2026-05-10T22:21:35.790785,528,Tablet
622,62,90,Book,2026-04-24T22:21:35.791673,95,Desktop
623,62,29,Share,2026-04-24T22:21:35.793118,263,Tablet
624,62,30,Click,2026-04-19T22:21:35.793884,520,Mobile
625,62,54,Book,2026-04-15T22:21:35.794451,20,Mobile
626,148,56,Book,2026-04-27T22:21:35.794987,512,Mobile
627,148,66,Bookmark,2026-04-20T22:21:35.795494,161,Mobile
628,148,94,Bookmark,2026-04-22T22:21:35.795976,351,Tablet
629,148,94,View,2026-05-12T22:21:35.796467,442,Desktop
630,148,34,Bookmark,2026-05-09T22:21:35.796946,599,Mobile
631,148,3,Bookmark,2026-05-05T22:21:35.797437,578,Tablet
632,148,33,View,2026-04-19T22:21:35.797917,414,Mobile
633,148,91,Book,2026-05-02T22:21:35.798407,491,Mobile
634,148,73,Book,2026-04-25T22:21:35.798876,316,Tablet
635,148,57,Share,2026-04-30T22:21:35.799355,169,Tablet
636,298,92,Share,2026-05-12T22:21:35.799847,394,Tablet
637,298,76,Book,2026-04-15T22:21:35.800428,365,Mobile
638,298,24,Book,2026-04-14T22:21:35.800959,407,Mobile
639,298,32,View,2026-04-18T22:21:35.801482,599,Desktop
640,298,92,Bookmark,2026-05-08T22:21:35.801988,447,Desktop
641,298,62,Bookmark,2026-05-11T22:21:35.802509,254,Desktop
642,298,10,Bookmark,2026-04-14T22:21:35.803024,157,Mobile
643,298,45,View,2026-04-20T22:21:35.803547,150,Tablet
644,689,52,Share,2026-04-13T22:21:35.804140,145,Tablet
645,689,84,Bookmark,2026-05-03T22:21:35.804654,359,Mobile
646,689,6,Book,2026-04-22T22:21:35.805173,91,Mobile
647,689,86,View,2026-04-21T22:21:35.805678,117,Tablet
648,689,71,Bookmark,2026-04-30T22:21:35.806209,247,Desktop
649,689,34,Share,2026-04-27T22:21:35.806736,513,Desktop
650,689,57,Click,2026-04-22T22:21:35.807504,24,Desktop
651,689,82,Click,2026-05-05T22:21:35.808456,76,Desktop
652,689,50,Bookmark,2026-05-02T22:21:35.809113,303,Desktop
653,689,8,Bookmark,2026-05-12T22:21:35.809633,57,Desktop
654,689,16,View,2026-04-15T22:21:35.810140,493,Desktop
655,689,51,View,2026-04-14T22:21:35.810623,534,Desktop
656,689,26,Share,2026-05-10T22:21:35.811123,431,Desktop
657,538,80,Book,2026-05-12T22:21:35.811621,68,Desktop
658,538,17,View,2026-04-30T22:21:35.812124,333,Desktop
659,538,6,View,2026-04-13T22:21:35.812592,425,Mobile
660,538,53,Share,2026-05-11T22:21:35.813068,193,Mobile
661,652,78,Bookmark,2026-04-26T22:21:35.813551,449,Desktop
662,652,30,Bookmark,2026-04-14T22:21:35.814021,267,Mobile
663,652,46,Share,2026-04-29T22:21:35.814477,152,Mobile
664,652,32,View,2026-04-24T22:21:35.814948,98,Mobile
665,652,57,Bookmark,2026-04-16T22:21:35.815405,18,Desktop
666,652,48,Book,2026-04-15T22:21:35.815856,477,Tablet
667,652,54,Bookmark,2026-05-01T22:21:35.816811,335,Tablet
668,652,69,Share,2026-05-05T22:21:35.817358,388,Desktop
669,652,32,Share,2026-05-07T22:21:35.817878,492,Mobile
670,652,34,View,2026-04-30T22:21:35.818435,305,Tablet
671,652,60,View,2026-05-06T22:21:35.818964,273,Desktop
672,652,81,Book,2026-04-26T22:21:35.819482,446,Mobile
673,458,99,View,2026-05-07T22:21:35.820025,449,Desktop
674,458,39,Click,2026-04-16T22:21:35.820545,35,Tablet
675,458,88,Bookmark,2026-04-13T22:21:35.821064,295,Desktop
676,458,43,Book,2026-05-05T22:21:35.821565,475,Desktop
677,458,42,Bookmark,2026-04-17T22:21:35.822080,82,Tablet
678,458,85,Share,2026-04-22T22:21:35.822581,205,Mobile
679,458,53,Share,2026-04-29T22:21:35.823121,297,Desktop
680,458,88,Bookmark,2026-04-14T22:21:35.823665,68,Desktop
681,458,81,Share,2026-04-27T22:21:35.824338,478,Mobile
682,458,90,Share,2026-04-25T22:21:35.824946,199,Desktop
683,458,2,Share,2026-05-02T22:21:35.825496,440,Tablet
684,458,31,View,2026-04-14T22:21:35.826012,560,Mobile
685,458,99,Click,2026-05-10T22:21:35.826555,420,Desktop
686,458,55,Click,2026-04-20T22:21:35.827090,329,Tablet
687,833,24,Book,2026-04-17T22:21:35.827623,108,Desktop
688,833,25,Bookmark,2026-04-21T22:21:35.828182,177,Tablet
689,833,32,View,2026-05-03T22:21:35.828689,561,Mobile
690,833,7,Book,2026-05-02T22:21:35.829216,251,Mobile
691,833,30,Click,2026-05-06T22:21:35.829714,589,Tablet
692,833,46,View,2026-04-17T22:21:35.830233,19,Tablet
693,833,16,View,2026-05-10T22:21:35.830731,337,Desktop
694,833,7,Click,2026-04-17T22:21:35.831249,149,Mobile
695,833,27,Click,2026-05-08T22:21:35.831746,392,Desktop
696,833,67,Click,2026-04-29T22:21:35.832438,271,Tablet
697,230,96,Bookmark,2026-05-03T22:21:35.833001,5,Mobile
698,230,73,Share,2026-05-01T22:21:35.833505,148,Desktop
699,230,72,Click,2026-05-12T22:21:35.834069,183,Desktop
700,230,16,Bookmark,2026-05-02T22:21:35.834539,335,Desktop
701,230,59,Click,2026-05-01T22:21:35.835027,408,Tablet
702,230,5,View,2026-05-02T22:21:35.835527,563,Desktop
703,230,61,Share,2026-04-30T22:21:35.836046,307,Desktop
704,230,13,Share,2026-04-18T22:21:35.836548,296,Tablet
705,230,76,Book,2026-05-11T22:21:35.837070,344,Desktop
706,230,53,Click,2026-04-26T22:21:35.837597,47,Mobile
707,230,65,View,2026-04-22T22:21:35.838126,342,Tablet
708,895,84,Bookmark,2026-05-11T22:21:35.838656,392,Tablet
709,895,7,Share,2026-04-17T22:21:35.839177,231,Mobile
710,895,20,Bookmark,2026-05-12T22:21:35.839675,447,Mobile
711,895,45,Share,2026-04-27T22:21:35.840215,289,Mobile
712,247,29,Book,2026-04-18T22:21:35.840905,146,Desktop
713,247,16,View,2026-04-23T22:21:35.841490,345,Mobile
714,247,16,Book,2026-04-19T22:21:35.842048,453,Desktop
715,247,59,Bookmark,2026-04-19T22:21:35.842512,83,Tablet
716,247,9,Click,2026-05-01T22:21:35.843060,148,Mobile
717,247,65,View,2026-04-18T22:21:35.843565,207,Mobile
718,247,52,View,2026-04-20T22:21:35.844081,114,Mobile
719,247,63,Click,2026-04-14T22:21:35.844581,95,Desktop
720,247,9,Book,2026-05-08T22:21:35.845099,320,Desktop
721,247,6,Share,2026-04-16T22:21:35.845596,499,Tablet
722,247,15,View,2026-04-26T22:21:35.846115,263,Desktop
723,247,63,View,2026-04-13T22:21:35.846615,506,Mobile
724,771,32,Bookmark,2026-04-17T22:21:35.847144,113,Mobile
725,771,85,Click,2026-05-12T22:21:35.847612,164,Tablet
726,771,68,View,2026-04-25T22:21:35.848482,469,Tablet
727,771,4,Book,2026-04-26T22:21:35.849138,538,Desktop
728,771,42,Share,2026-04-30T22:21:35.849699,15,Mobile
729,771,60,Book,2026-04-23T22:21:35.850247,9,Mobile
730,771,34,Share,2026-04-15T22:21:35.850771,102,Desktop
731,771,19,Share,2026-04-18T22:21:35.851296,529,Mobile
732,771,76,Bookmark,2026-04-19T22:21:35.851806,12,Tablet
733,771,90,Book,2026-05-05T22:21:35.852325,228,Mobile
734,732,65,Click,2026-04-23T22:21:35.852864,391,Mobile
735,732,15,Bookmark,2026-04-21T22:21:35.853374,41,Mobile
736,732,23,View,2026-05-05T22:21:35.853884,150,Mobile
737,732,31,Click,2026-04-21T22:21:35.854387,129,Mobile
738,732,36,Bookmark,2026-05-02T22:21:35.854898,486,Desktop
739,867,68,View,2026-05-07T22:21:35.855427,399,Mobile
740,867,58,View,2026-04-25T22:21:35.855936,61,Mobile
741,867,74,View,2026-04-27T22:21:35.856448,78,Mobile
742,867,14,View,2026-04-27T22:21:35.857264,53,Desktop
743,867,70,Click,2026-05-11T22:21:35.858248,57,Mobile
744,867,69,Book,2026-04-19T22:21:35.859283,460,Tablet
745,867,5,Book,2026-04-23T22:21:35.859989,333,Desktop
746,867,33,Book,2026-05-02T22:21:35.860528,581,Tablet
747,867,23,Bookmark,2026-04-19T22:21:35.861046,371,Desktop
748,867,84,Click,2026-04-17T22:21:35.861534,238,Mobile
749,867,77,Click,2026-04-25T22:21:35.862024,99,Mobile
750,867,11,Book,2026-05-09T22:21:35.862498,212,Tablet
751,867,89,Click,2026-04-28T22:21:35.862979,265,Tablet
752,494,9,View,2026-04-21T22:21:35.863473,417,Mobile
753,494,19,Book,2026-04-16T22:21:35.864100,562,Desktop
754,494,94,Share,2026-04-21T22:21:35.864628,521,Mobile
755,494,83,Bookmark,2026-04-26T22:21:35.865150,92,Tablet
756,494,92,Click,2026-05-08T22:21:35.865655,299,Mobile
757,494,99,Bookmark,2026-05-01T22:21:35.866176,160,Mobile
758,494,39,Click,2026-04-25T22:21:35.866685,91,Desktop
759,494,68,Bookmark,2026-04-25T22:21:35.867221,68,Tablet
760,494,71,Book,2026-04-18T22:21:35.867759,167,Mobile
761,494,37,Click,2026-04-18T22:21:35.868263,546,Mobile
762,494,33,Book,2026-05-06T22:21:35.868800,519,Tablet
763,494,59,Book,2026-04-27T22:21:35.869304,315,Mobile
764,968,60,Click,2026-04-25T22:21:35.869901,63,Mobile
765,968,64,View,2026-04-20T22:21:35.870403,290,Desktop
766,968,5,Book,2026-05-05T22:21:35.870918,164,Desktop
767,186,68,Click,2026-04-21T22:21:35.871440,536,Tablet
768,186,7,Book,2026-05-11T22:21:35.871954,290,Mobile
769,186,1,Share,2026-04-16T22:21:35.872452,503,Tablet
770,186,64,Book,2026-04-30T22:21:35.872978,362,Desktop
771,599,87,View,2026-04-27T22:21:35.873523,574,Mobile
772,599,87,Bookmark,2026-05-12T22:21:35.874101,375,Mobile
773,599,58,Share,2026-04-16T22:21:35.874711,234,Mobile
774,599,6,View,2026-04-30T22:21:35.875257,322,Mobile
775,599,33,View,2026-04-29T22:21:35.875828,44,Mobile
776,599,42,View,2026-04-25T22:21:35.876451,531,Desktop
777,599,62,View,2026-05-06T22:21:35.876963,507,Tablet
778,599,20,Book,2026-05-11T22:21:35.877759,281,Desktop
779,599,57,Click,2026-04-26T22:21:35.878312,116,Desktop
780,599,72,Book,2026-04-22T22:21:35.878790,192,Mobile
781,599,86,Book,2026-04-27T22:21:35.879468,451,Mobile
782,599,9,View,2026-04-24T22:21:35.880000,336,Mobile
783,599,64,View,2026-04-15T22:21:35.880522,160,Mobile
784,372,11,Book,2026-04-21T22:21:35.881045,490,Desktop
785,372,18,Share,2026-05-01T22:21:35.881577,45,Tablet
786,372,23,View,2026-05-07T22:21:35.882084,116,Tablet
787,372,52,View,2026-04-24T22:21:35.882584,162,Desktop
788,372,43,Share,2026-04-13T22:21:35.883091,311,Tablet
789,372,90,Bookmark,2026-05-07T22:21:35.883591,258,Desktop
790,229,12,Share,2026-05-10T22:21:35.884124,195,Desktop
791,229,52,Book,2026-04-30T22:21:35.884621,528,Tablet
792,229,65,Share,2026-05-02T22:21:35.885132,343,Mobile
793,229,63,Click,2026-04-27T22:21:35.885631,477,Mobile
794,290,43,Share,2026-04-26T22:21:35.886174,521,Mobile
795,290,67,Book,2026-04-28T22:21:35.886673,136,Mobile
796,290,79,Share,2026-04-23T22:21:35.887191,15,Desktop
797,290,98,Share,2026-05-07T22:21:35.887712,212,Tablet
798,290,51,Share,2026-04-25T22:21:35.888233,523,Tablet
799,290,100,View,2026-04-26T22:21:35.888732,185,Mobile
800,290,97,Bookmark,2026-04-21T22:21:35.889242,94,Tablet
801,290,75,View,2026-05-05T22:21:35.889744,353,Mobile
802,290,59,Bookmark,2026-04-21T22:21:35.890300,51,Mobile
803,290,18,Bookmark,2026-04-25T22:21:35.890986,318,Tablet
804,290,92,View,2026-04-18T22:21:35.891599,406,Tablet
805,290,67,View,2026-05-06T22:21:35.892116,206,Tablet
806,290,83,Book,2026-04-22T22:21:35.892785,382,Mobile
807,290,28,Book,2026-04-18T22:21:35.893291,159,Tablet
808,825,74,View,2026-05-07T22:21:35.893889,334,Tablet
809,825,98,Click,2026-05-10T22:21:35.894397,507,Tablet
810,825,89,Bookmark,2026-04-22T22:21:35.895140,381,Tablet
811,825,32,Click,2026-04-22T22:21:35.895883,89,Mobile
812,825,50,View,2026-05-09T22:21:35.896599,520,Mobile
813,825,90,Click,2026-04-16T22:21:35.897361,531,Mobile
814,825,32,View,2026-05-06T22:21:35.898124,579,Mobile
815,825,14,View,2026-04-13T22:21:35.898853,45,Desktop
816,825,48,View,2026-04-27T22:21:35.899565,419,Desktop
817,784,25,Click,2026-04-30T22:21:35.901146,433,Tablet
818,784,62,Bookmark,2026-04-20T22:21:35.901877,227,Desktop
819,784,55,View,2026-04-25T22:21:35.902594,140,Tablet
820,784,15,Share,2026-05-07T22:21:35.903326,58,Desktop
821,784,19,Book,2026-04-16T22:21:35.904079,303,Desktop
822,784,14,Book,2026-05-11T22:21:35.904814,130,Desktop
823,784,49,Book,2026-04-20T22:21:35.905524,31,Tablet
824,784,67,Bookmark,2026-04-17T22:21:35.906247,374,Desktop
825,784,78,Click,2026-05-10T22:21:35.907014,529,Mobile
826,784,9,Click,2026-04-18T22:21:35.908287,398,Mobile
827,784,62,Share,2026-04-24T22:21:35.909495,510,Tablet
828,784,55,Click,2026-04-30T22:21:35.910521,282,Tablet
829,334,48,Share,2026-04-24T22:21:35.911429,45,Desktop
830,334,23,Click,2026-05-10T22:21:35.912205,345,Desktop
831,334,97,Book,2026-04-20T22:21:35.912964,83,Mobile
832,334,43,Share,2026-04-18T22:21:35.913707,81,Desktop
833,334,2,View,2026-04-19T22:21:35.914456,16,Desktop
834,334,78,Click,2026-04-14T22:21:35.915210,178,Tablet
835,334,73,Book,2026-04-26T22:21:35.915930,285,Mobile
836,334,94,Book,2026-04-14T22:21:35.916621,255,Tablet
837,334,93,Click,2026-04-24T22:21:35.917405,341,Desktop
838,557,38,Bookmark,2026-04-28T22:21:35.918529,551,Tablet
839,557,47,View,2026-04-22T22:21:35.919346,391,Mobile
840,557,59,Share,2026-04-21T22:21:35.920162,493,Desktop
841,557,77,Click,2026-04-23T22:21:35.920907,413,Tablet
842,557,75,Book,2026-04-14T22:21:35.921636,22,Tablet
843,557,42,Click,2026-05-10T22:21:35.922381,155,Mobile
844,557,80,Click,2026-05-02T22:21:35.923117,407,Desktop
845,557,43,Click,2026-05-12T22:21:35.924116,540,Mobile
846,557,21,Click,2026-05-06T22:21:35.925231,137,Mobile
847,557,57,Book,2026-04-30T22:21:35.926480,425,Desktop
848,557,29,Click,2026-05-08T22:21:35.927345,362,Desktop
849,557,69,View,2026-04-24T22:21:35.928135,260,Tablet
850,557,83,Bookmark,2026-05-05T22:21:35.928894,371,Mobile
851,557,38,View,2026-04-27T22:21:35.929649,177,Mobile
852,785,70,Share,2026-04-22T22:21:35.930435,382,Desktop
853,785,3,Bookmark,2026-04-16T22:21:35.931184,90,Desktop
854,785,46,Click,2026-04-14T22:21:35.931930,47,Desktop
855,785,20,View,2026-05-02T22:21:35.932665,547,Desktop
856,785,64,Click,2026-04-16T22:21:35.933405,446,Desktop
857,663,46,Book,2026-04-18T22:21:35.934180,429,Mobile
858,663,29,Bookmark,2026-05-06T22:21:35.934925,134,Mobile
859,663,61,Bookmark,2026-04-19T22:21:35.935657,169,Desktop
860,663,29,Book,2026-05-07T22:21:35.936395,173,Mobile
861,663,93,Bookmark,2026-04-26T22:21:35.937140,198,Tablet
862,663,64,Share,2026-05-04T22:21:35.937901,483,Mobile
863,663,1,Click,2026-05-05T22:21:35.938636,361,Desktop
864,663,44,Book,2026-04-19T22:21:35.939375,504,Tablet
865,663,5,Book,2026-05-06T22:21:35.940113,326,Mobile
866,2,13,Book,2026-04-20T22:21:35.940962,559,Desktop
867,2,89,Bookmark,2026-05-02T22:21:35.941773,160,Mobile
868,2,39,Click,2026-05-05T22:21:35.943472,542,Desktop
869,2,28,Share,2026-05-06T22:21:35.944228,551,Desktop
870,2,22,Click,2026-04-21T22:21:35.944773,50,Desktop
871,2,8,Share,2026-04-28T22:21:35.945298,560,Desktop
872,2,39,Share,2026-04-14T22:21:35.945792,205,Desktop
873,2,62,Share,2026-05-11T22:21:35.946288,158,Mobile
874,2,87,Click,2026-04-23T22:21:35.946768,58,Desktop
875,2,93,Share,2026-04-30T22:21:35.947261,292,Tablet
876,2,81,Click,2026-04-25T22:21:35.947763,446,Tablet
877,2,27,View,2026-04-22T22:21:35.948251,274,Tablet
878,2,8,Bookmark,2026-04-25T22:21:35.948721,187,Desktop
879,823,72,View,2026-05-05T22:21:35.949227,425,Desktop
880,823,81,Book,2026-04-21T22:21:35.949697,466,Mobile
881,823,73,Bookmark,2026-04-23T22:21:35.950178,42,Desktop
882,823,12,Click,2026-04-21T22:21:35.950645,438,Tablet
883,823,31,Book,2026-05-12T22:21:35.951123,185,Mobile
884,823,40,View,2026-05-06T22:21:35.951588,161,Desktop
885,933,82,Share,2026-04-28T22:21:35.952084,106,Desktop
886,933,89,View,2026-04-16T22:21:35.952596,314,Tablet
887,933,24,Bookmark,2026-04-13T22:21:35.953076,59,Mobile
888,933,46,Bookmark,2026-05-12T22:21:35.953538,200,Mobile
889,211,79,Book,2026-04-13T22:21:35.954083,96,Desktop
890,211,12,Bookmark,2026-04-28T22:21:35.954554,270,Desktop
891,211,61,Bookmark,2026-04-27T22:21:35.955038,565,Desktop
892,211,80,Click,2026-04-26T22:21:35.955506,123,Tablet
893,211,42,Book,2026-05-03T22:21:35.955982,434,Mobile
894,211,9,Click,2026-05-09T22:21:35.956458,214,Tablet
895,211,37,Click,2026-05-05T22:21:35.956951,516,Desktop
896,211,52,Book,2026-05-11T22:21:35.957529,363,Tablet
897,211,4,Bookmark,2026-04-17T22:21:35.958432,510,Mobile
898,211,50,Click,2026-05-06T22:21:35.959620,101,Desktop
899,211,61,Bookmark,2026-04-16T22:21:35.960341,542,Mobile
900,211,31,Book,2026-04-28T22:21:35.960876,49,Mobile
901,211,60,Book,2026-04-23T22:21:35.961373,568,Tablet
902,211,81,Click,2026-05-10T22:21:35.961861,595,Mobile
903,376,88,Bookmark,2026-04-13T22:21:35.962358,560,Mobile
904,376,44,Bookmark,2026-04-21T22:21:35.962831,523,Desktop
905,376,44,View,2026-04-21T22:21:35.963294,589,Tablet
906,376,69,Book,2026-04-13T22:21:35.963751,479,Desktop
907,376,25,Click,2026-05-06T22:21:35.964290,227,Desktop
908,376,75,Click,2026-04-21T22:21:35.964753,483,Mobile
909,376,47,Bookmark,2026-04-19T22:21:35.965230,338,Mobile
910,376,16,Book,2026-04-15T22:21:35.965691,167,Desktop
911,8,98,Click,2026-05-06T22:21:35.966178,309,Desktop
912,8,42,Share,2026-05-02T22:21:35.966636,212,Tablet
913,8,49,Share,2026-05-07T22:21:35.967111,152,Tablet
914,8,83,Share,2026-04-21T22:21:35.967573,51,Desktop
915,8,27,Share,2026-04-13T22:21:35.968043,251,Tablet
916,8,43,Bookmark,2026-04-21T22:21:35.968495,227,Desktop
917,8,68,Book,2026-04-24T22:21:35.968957,490,Desktop
918,8,9,Click,2026-05-03T22:21:35.969407,296,Desktop
919,8,44,View,2026-05-02T22:21:35.969874,215,Tablet
920,8,23,Share,2026-05-01T22:21:35.970325,128,Mobile
921,481,13,Share,2026-05-09T22:21:35.970810,479,Desktop
922,481,72,Click,2026-05-11T22:21:35.971264,525,Desktop
923,481,65,Click,2026-05-05T22:21:35.971712,334,Desktop
924,481,43,View,2026-04-16T22:21:35.972174,99,Tablet
925,481,59,Bookmark,2026-04-14T22:21:35.972625,491,Desktop
926,481,99,View,2026-05-08T22:21:35.973099,375,Tablet
927,481,90,Bookmark,2026-04-15T22:21:35.973932,30,Tablet
928,481,34,View,2026-05-11T22:21:35.974831,537,Tablet
929,481,26,Share,2026-05-04T22:21:35.975962,237,Tablet
930,481,5,View,2026-04-20T22:21:35.976630,54,Desktop
931,66,58,Click,2026-04-29T22:21:35.977261,40,Desktop
932,66,56,Click,2026-05-08T22:21:35.977872,173,Desktop
933,66,48,Book,2026-05-02T22:21:35.978432,121,Tablet
934,996,99,Book,2026-04-23T22:21:35.978956,297,Desktop
935,996,41,Book,2026-05-09T22:21:35.979465,209,Mobile
936,996,90,Share,2026-05-01T22:21:35.979937,194,Mobile
937,996,20,View,2026-04-13T22:21:35.980416,11,Desktop
938,996,66,Share,2026-05-02T22:21:35.980877,300,Mobile
939,346,3,Click,2026-05-05T22:21:35.981373,591,Mobile
940,346,85,Book,2026-05-05T22:21:35.981833,345,Mobile
941,346,17,Book,2026-04-24T22:21:35.982286,503,Desktop
942,346,51,Share,2026-04-19T22:21:35.982757,543,Mobile
943,346,46,Bookmark,2026-05-06T22:21:35.983207,534,Tablet
944,346,47,Click,2026-05-09T22:21:35.983676,537,Mobile
945,346,14,Share,2026-04-23T22:21:35.984123,461,Mobile
946,346,61,Bookmark,2026-04-17T22:21:35.984642,501,Mobile
947,346,82,View,2026-04-22T22:21:35.985093,398,Mobile
948,346,92,Share,2026-04-30T22:21:35.985554,534,Tablet
949,346,5,Bookmark,2026-04-25T22:21:35.986003,298,Desktop
950,346,38,Bookmark,2026-04-23T22:21:35.986474,421,Mobile
951,12,62,Bookmark,2026-04-19T22:21:35.986944,262,Mobile
952,12,41,Bookmark,2026-05-07T22:21:35.987406,29,Tablet
953,12,4,Bookmark,2026-05-11T22:21:35.987882,366,Desktop
954,735,27,Click,2026-04-16T22:21:35.988384,48,Mobile
955,735,74,View,2026-04-27T22:21:35.988838,15,Tablet
956,735,77,Book,2026-04-28T22:21:35.989282,61,Desktop
957,61,11,View,2026-05-12T22:21:35.990523,546,Desktop
958,61,10,Click,2026-04-28T22:21:35.991554,161,Mobile
959,61,58,Book,2026-04-28T22:21:35.992334,407,Mobile
960,61,98,View,2026-04-17T22:21:35.992926,83,Mobile
961,61,1,Click,2026-05-09T22:21:35.993623,70,Desktop
962,61,90,Click,2026-04-15T22:21:35.994374,236,Mobile
963,61,48,Share,2026-04-13T22:21:35.995132,474,Tablet
964,61,83,Click,2026-04-20T22:21:35.995881,458,Desktop
965,360,67,Share,2026-05-10T22:21:35.996664,184,Desktop
966,360,10,Share,2026-04-30T22:21:35.997572,528,Desktop
967,360,49,Bookmark,2026-04-15T22:21:35.998477,253,Tablet
968,360,69,Book,2026-05-09T22:21:35.999252,303,Desktop
969,360,60,Book,2026-04-14T22:21:36.000013,346,Desktop
970,360,74,Bookmark,2026-05-10T22:21:36.000768,539,Mobile
971,360,37,Share,2026-04-23T22:21:36.001564,318,Mobile
972,360,28,Click,2026-04-16T22:21:36.002300,353,Mobile
973,360,79,View,2026-04-20T22:21:36.003042,169,Tablet
974,360,36,Bookmark,2026-04-15T22:21:36.003791,270,Tablet
975,360,92,Click,2026-05-08T22:21:36.004531,86,Tablet
976,360,6,Book,2026-05-03T22:21:36.005260,307,Tablet
977,955,13,Click,2026-04-18T22:21:36.006464,523,Desktop
978,955,80,Click,2026-05-11T22:21:36.007388,40,Desktop
979,955,38,Click,2026-04-29T22:21:36.008355,144,Tablet
980,955,43,View,2026-04-18T22:21:36.009196,492,Desktop
981,955,48,Book,2026-04-25T22:21:36.009954,184,Desktop
982,955,2,Book,2026-05-06T22:21:36.010714,419,Mobile
983,955,82,View,2026-04-18T22:21:36.011468,76,Mobile
984,955,5,Click,2026-04-30T22:21:36.012208,129,Tablet
985,955,84,Book,2026-04-16T22:21:36.012943,211,Desktop
986,955,56,Click,2026-04-16T22:21:36.013685,212,Mobile
987,955,40,Click,2026-04-24T22:21:36.014482,577,Desktop
988,955,23,Share,2026-05-07T22:21:36.015232,76,Tablet
989,955,93,Share,2026-04-25T22:21:36.015964,215,Mobile
990,955,69,Share,2026-04-17T22:21:36.016704,494,Tablet
991,65,91,View,2026-05-01T22:21:36.017809,84,Mobile
992,65,46,Click,2026-05-04T22:21:36.018624,176,Mobile
993,65,98,Share,2026-04-24T22:21:36.019399,58,Mobile
994,180,77,Click,2026-04-29T22:21:36.020194,541,Tablet
995,180,35,Share,2026-04-27T22:21:36.020939,210,Desktop
996,180,9,Book,2026-05-08T22:21:36.021772,275,Mobile
997,180,100,Share,2026-04-19T22:21:36.022530,491,Tablet
998,180,17,Click,2026-05-04T22:21:36.023302,23,Mobile
999,180,40,Click,2026-05-06T22:21:36.024107,552,Tablet
1000,180,76,Share,2026-05-07T22:21:36.025209,80,Mobile
1001,180,94,Share,2026-05-09T22:21:36.026146,70,Tablet
1002,180,94,Click,2026-04-22T22:21:36.026955,72,Tablet
1003,180,75,View,2026-05-10T22:21:36.027763,102,Mobile
1004,180,31,View,2026-05-03T22:21:36.028523,431,Tablet
1005,503,75,View,2026-04-24T22:21:36.029308,232,Desktop
1006,503,24,Book,2026-04-28T22:21:36.030056,391,Mobile
1007,503,52,Click,2026-04-30T22:21:36.030803,122,Mobile
1008,983,22,Share,2026-04-22T22:21:36.031583,547,Tablet
1009,983,48,Click,2026-05-07T22:21:36.032340,234,Tablet
1010,983,97,Bookmark,2026-04-24T22:21:36.033063,434,Tablet
1011,983,56,Bookmark,2026-04-17T22:21:36.033804,286,Mobile
1012,335,72,Click,2026-04-27T22:21:36.034579,318,Mobile
1013,335,63,Click,2026-05-10T22:21:36.035320,139,Desktop
1014,335,62,Click,2026-05-12T22:21:36.036060,144,Mobile
1015,335,74,Book,2026-05-04T22:21:36.036966,351,Desktop
1016,335,58,Share,2026-05-05T22:21:36.037715,411,Mobile
1017,335,36,Book,2026-04-20T22:21:36.038454,153,Tablet
1018,335,55,View,2026-04-19T22:21:36.039187,529,Desktop
1019,335,7,Book,2026-05-08T22:21:36.039933,54,Desktop
1020,596,26,Bookmark,2026-05-03T22:21:36.040734,15,Desktop
1021,596,11,Share,2026-05-11T22:21:36.041533,171,Mobile
1022,596,23,Book,2026-05-03T22:21:36.042380,363,Desktop
1023,596,29,Bookmark,2026-05-09T22:21:36.043175,448,Mobile
1024,596,6,Click,2026-04-18T22:21:36.043936,360,Tablet
1025,596,76,Click,2026-05-01T22:21:36.044673,221,Desktop
1026,596,51,Book,2026-04-24T22:21:36.045401,474,Mobile
1027,596,100,Book,2026-05-05T22:21:36.046138,570,Desktop
1028,596,80,Click,2026-05-05T22:21:36.046912,17,Desktop
1029,909,12,View,2026-05-06T22:21:36.047846,274,Desktop
1030,909,99,Share,2026-05-01T22:21:36.048596,436,Mobile
1031,909,24,View,2026-04-26T22:21:36.049330,42,Mobile
1032,199,70,Book,2026-04-30T22:21:36.050101,250,Mobile
1033,199,10,View,2026-05-09T22:21:36.050838,209,Mobile
1034,199,31,Share,2026-04-17T22:21:36.051625,216,Tablet
1035,199,36,View,2026-05-02T22:21:36.052368,156,Mobile
1036,199,41,Click,2026-05-09T22:21:36.053126,376,Mobile
1037,199,20,Share,2026-04-30T22:21:36.053886,476,Mobile
1038,199,96,Share,2026-04-13T22:21:36.054630,580,Mobile
1039,199,80,Share,2026-04-18T22:21:36.055357,286,Mobile
1040,199,27,Book,2026-04-23T22:21:36.056089,579,Desktop
1041,199,45,Click,2026-05-07T22:21:36.056839,423,Desktop
1042,716,3,Book,2026-04-30T22:21:36.057721,178,Tablet
1043,716,90,View,2026-04-28T22:21:36.058522,66,Tablet
1044,716,56,Share,2026-05-04T22:21:36.059300,243,Desktop
1045,716,83,Share,2026-04-19T22:21:36.060104,590,Tablet
1046,716,46,Click,2026-04-13T22:21:36.060878,517,Tablet
1047,716,65,Book,2026-04-23T22:21:36.061629,187,Desktop
1048,716,67,Share,2026-04-27T22:21:36.062417,58,Mobile
1049,716,100,Share,2026-05-06T22:21:36.063151,440,Desktop
1050,716,67,Book,2026-05-01T22:21:36.063888,528,Tablet
1051,71,20,Share,2026-05-11T22:21:36.064658,82,Tablet
1052,71,16,Share,2026-04-23T22:21:36.065384,384,Mobile
1053,71,46,View,2026-05-08T22:21:36.066122,454,Mobile
1054,71,63,Book,2026-05-10T22:21:36.066867,238,Desktop
1055,71,74,Book,2026-05-11T22:21:36.067987,57,Mobile
1056,71,14,Book,2026-04-17T22:21:36.068984,372,Tablet
1057,71,68,Book,2026-05-10T22:21:36.069836,485,Desktop
1058,71,100,View,2026-05-12T22:21:36.070616,244,Tablet
1059,71,67,Book,2026-04-26T22:21:36.071371,185,Desktop
1060,71,76,Book,2026-05-05T22:21:36.072131,191,Tablet
1061,71,48,Bookmark,2026-04-15T22:21:36.072887,328,Tablet
1062,71,47,Bookmark,2026-04-27T22:21:36.073709,282,Tablet
1063,701,45,View,2026-04-18T22:21:36.074652,566,Tablet
1064,701,52,Book,2026-04-21T22:21:36.075434,543,Desktop
1065,701,22,View,2026-04-22T22:21:36.076279,21,Mobile
1066,701,56,Share,2026-04-19T22:21:36.077018,419,Tablet
1067,701,72,View,2026-04-22T22:21:36.077770,393,Desktop
1068,701,59,Share,2026-05-10T22:21:36.078534,472,Mobile
1069,701,6,Click,2026-04-28T22:21:36.079279,265,Mobile
1070,701,56,Bookmark,2026-04-20T22:21:36.080018,273,Desktop
1071,701,86,Share,2026-04-28T22:21:36.080760,468,Tablet
1072,391,70,Bookmark,2026-04-17T22:21:36.081540,504,Desktop
1073,391,16,Share,2026-05-06T22:21:36.082282,491,Tablet
1074,391,88,Click,2026-04-28T22:21:36.083014,63,Desktop
1075,391,62,Bookmark,2026-05-05T22:21:36.083809,194,Desktop
1076,391,77,View,2026-04-15T22:21:36.084552,567,Mobile
1077,391,74,View,2026-05-12T22:21:36.085296,89,Mobile
1078,391,1,Book,2026-04-20T22:21:36.086036,89,Mobile
1079,391,84,Book,2026-05-04T22:21:36.086787,596,Desktop
1080,391,61,Share,2026-05-06T22:21:36.087531,256,Desktop
1081,391,98,Bookmark,2026-04-30T22:21:36.088269,104,Mobile
1082,105,21,View,2026-05-06T22:21:36.089029,7,Desktop
1083,105,54,Book,2026-04-14T22:21:36.089773,24,Tablet
1084,105,27,Click,2026-05-03T22:21:36.090535,535,Tablet
1085,105,47,View,2026-04-19T22:21:36.091434,341,Desktop
1086,105,49,Share,2026-05-11T22:21:36.092331,181,Mobile
1087,105,31,Click,2026-04-21T22:21:36.093137,6,Mobile
1088,105,15,Book,2026-04-15T22:21:36.093889,576,Tablet
1089,105,93,Click,2026-05-05T22:21:36.094623,484,Mobile
1090,105,30,Share,2026-04-29T22:21:36.095360,32,Desktop
1091,105,56,Share,2026-05-11T22:21:36.096097,594,Tablet
1092,105,89,Share,2026-04-19T22:21:36.096835,321,Mobile
1093,105,61,Share,2026-04-27T22:21:36.097605,267,Tablet
1094,105,73,Share,2026-04-20T22:21:36.098346,51,Tablet
1095,105,58,Click,2026-04-15T22:21:36.098997,407,Tablet
1096,565,98,Bookmark,2026-04-17T22:21:36.099642,304,Mobile
1097,565,65,Share,2026-04-21T22:21:36.100143,171,Mobile
1098,565,7,Bookmark,2026-04-23T22:21:36.100632,344,Mobile
1099,565,43,Book,2026-05-04T22:21:36.101125,552,Desktop
1100,565,66,View,2026-05-04T22:21:36.101612,343,Tablet
1101,565,53,Book,2026-04-25T22:21:36.102104,276,Desktop
1102,212,44,Book,2026-05-12T22:21:36.102619,102,Desktop
1103,212,91,View,2026-04-28T22:21:36.103118,582,Tablet
1104,212,32,Share,2026-05-02T22:21:36.103608,575,Desktop
1105,212,11,Click,2026-04-13T22:21:36.104135,518,Desktop
1106,212,41,Bookmark,2026-04-20T22:21:36.104629,193,Mobile
1107,212,36,Click,2026-04-25T22:21:36.105123,83,Desktop
1108,212,86,Share,2026-05-02T22:21:36.105610,309,Tablet
1109,212,63,Click,2026-04-19T22:21:36.106101,465,Tablet
1110,212,49,Book,2026-04-16T22:21:36.106584,87,Mobile
1111,212,22,View,2026-04-22T22:21:36.107060,577,Desktop
1112,212,69,View,2026-04-15T22:21:36.107605,374,Tablet
1113,212,24,Share,2026-04-19T22:21:36.108214,235,Desktop
1114,461,51,Bookmark,2026-04-25T22:21:36.108708,213,Tablet
1115,461,3,Share,2026-05-03T22:21:36.109217,128,Mobile
1116,461,47,View,2026-05-10T22:21:36.109666,104,Tablet
1117,461,45,View,2026-04-15T22:21:36.110120,207,Mobile
1118,461,70,Book,2026-04-14T22:21:36.110567,187,Mobile
1119,461,82,Bookmark,2026-04-29T22:21:36.111021,304,Mobile
1120,461,94,Share,2026-04-19T22:21:36.111471,413,Tablet
1121,461,49,Book,2026-04-21T22:21:36.111924,178,Tablet
1122,461,90,Book,2026-04-19T22:21:36.112371,82,Mobile
1123,461,73,Share,2026-04-21T22:21:36.112823,87,Mobile
1124,470,65,View,2026-04-16T22:21:36.113297,538,Mobile
1125,470,59,Book,2026-05-10T22:21:36.113745,149,Desktop
1126,470,32,View,2026-04-17T22:21:36.114197,441,Desktop
1127,470,47,Share,2026-05-07T22:21:36.114643,377,Mobile
1128,470,61,Bookmark,2026-04-20T22:21:36.115143,580,Mobile
1129,470,84,View,2026-05-11T22:21:36.115593,170,Desktop
1130,470,29,Click,2026-04-14T22:21:36.116047,36,Tablet
1131,470,18,Book,2026-04-22T22:21:36.116493,528,Tablet
1132,575,7,Bookmark,2026-04-19T22:21:36.116970,459,Desktop
1133,575,43,View,2026-04-22T22:21:36.117426,289,Mobile
1134,575,76,Book,2026-05-06T22:21:36.117875,364,Tablet
1135,575,39,Bookmark,2026-04-23T22:21:36.118330,524,Desktop
1136,575,46,Click,2026-05-07T22:21:36.118827,574,Mobile
1137,575,79,Bookmark,2026-04-28T22:21:36.119281,570,Mobile
1138,190,27,Book,2026-04-22T22:21:36.119765,206,Desktop
1139,190,61,Bookmark,2026-04-13T22:21:36.120257,581,Mobile
1140,190,73,Click,2026-05-12T22:21:36.120712,494,Tablet
1141,190,74,Share,2026-05-02T22:21:36.121167,354,Mobile
1142,190,68,Share,2026-04-15T22:21:36.121621,113,Mobile
1143,190,79,Click,2026-04-17T22:21:36.122073,266,Desktop
1144,190,69,Bookmark,2026-05-06T22:21:36.122529,109,Desktop
1145,190,96,Book,2026-04-14T22:21:36.122980,476,Desktop
1146,863,31,Share,2026-04-23T22:21:36.123471,493,Tablet
1147,863,10,View,2026-04-22T22:21:36.123946,139,Tablet
1148,863,43,Share,2026-04-15T22:21:36.124474,587,Desktop
1149,863,59,Book,2026-05-04T22:21:36.125053,449,Desktop
1150,863,18,Share,2026-04-27T22:21:36.125518,283,Mobile
1151,863,71,Book,2026-05-11T22:21:36.125967,569,Tablet
1152,863,45,Book,2026-04-16T22:21:36.126422,181,Mobile
1153,863,82,Bookmark,2026-04-18T22:21:36.126873,159,Tablet
1154,863,17,Share,2026-05-06T22:21:36.127428,459,Mobile
1155,863,60,Book,2026-04-15T22:21:36.127964,219,Desktop
1156,863,16,Bookmark,2026-04-27T22:21:36.128451,358,Mobile
1157,863,66,Click,2026-05-08T22:21:36.128924,483,Desktop
1158,547,9,Book,2026-04-26T22:21:36.129416,172,Tablet
1159,547,76,Book,2026-04-25T22:21:36.129873,123,Tablet
1160,547,98,View,2026-04-16T22:21:36.130340,67,Tablet
1161,547,18,Click,2026-04-26T22:21:36.130796,197,Desktop
1162,547,20,Share,2026-04-21T22:21:36.131254,93,Desktop
1163,547,47,Click,2026-05-12T22:21:36.131706,172,Desktop
1164,547,5,Book,2026-04-28T22:21:36.132165,301,Tablet
1165,547,81,Bookmark,2026-04-13T22:21:36.132618,86,Desktop
1166,547,91,Share,2026-05-11T22:21:36.133070,60,Mobile
1167,547,81,Share,2026-05-06T22:21:36.133526,100,Mobile
1168,547,80,View,2026-04-14T22:21:36.133975,333,Mobile
1169,547,7,Book,2026-04-28T22:21:36.134462,264,Tablet
1170,547,70,Share,2026-05-10T22:21:36.134912,12,Tablet
1171,547,94,Bookmark,2026-04-13T22:21:36.135369,35,Desktop
1172,881,33,Click,2026-04-21T22:21:36.135841,169,Desktop
1173,881,69,View,2026-04-21T22:21:36.136297,17,Mobile
1174,881,26,Book,2026-05-01T22:21:36.136751,370,Tablet
1175,881,92,View,2026-04-20T22:21:36.137224,270,Tablet
1176,881,42,Click,2026-04-22T22:21:36.137650,232,Tablet
1177,881,53,Bookmark,2026-04-13T22:21:36.138111,522,Mobile
1178,881,91,Book,2026-04-25T22:21:36.138560,506,Mobile
1179,881,3,Share,2026-05-10T22:21:36.139008,149,Tablet
1180,850,70,Bookmark,2026-05-09T22:21:36.139482,346,Mobile
1181,850,67,Bookmark,2026-04-29T22:21:36.139914,53,Tablet
1182,850,71,Click,2026-04-19T22:21:36.140354,372,Tablet
1183,850,24,Bookmark,2026-05-08T22:21:36.140897,453,Mobile
1184,850,63,Click,2026-04-25T22:21:36.141433,417,Mobile
1185,850,4,View,2026-05-01T22:21:36.141919,188,Tablet
1186,850,26,Share,2026-05-07T22:21:36.142375,596,Mobile
1187,850,56,Click,2026-05-08T22:21:36.142827,288,Mobile
1188,850,92,View,2026-04-18T22:21:36.143281,268,Desktop
1189,850,58,Book,2026-05-02T22:21:36.143728,533,Mobile
1190,850,67,Click,2026-04-24T22:21:36.144183,289,Mobile
1191,850,34,Click,2026-05-12T22:21:36.144631,116,Tablet
1192,850,82,Book,2026-05-11T22:21:36.145077,465,Tablet
1193,117,56,Click,2026-04-21T22:21:36.145561,590,Mobile
1194,117,86,Bookmark,2026-04-30T22:21:36.146008,284,Mobile
1195,117,35,View,2026-05-05T22:21:36.146646,218,Mobile
1196,117,53,Click,2026-04-27T22:21:36.147132,347,Mobile
1197,117,90,View,2026-04-30T22:21:36.147613,91,Tablet
1198,117,100,Bookmark,2026-05-09T22:21:36.148072,319,Tablet
1199,117,87,Bookmark,2026-04-13T22:21:36.148528,335,Desktop
1200,117,90,Share,2026-05-11T22:21:36.148977,5,Tablet
1201,117,5,Click,2026-05-07T22:21:36.149430,487,Mobile
1202,117,73,Share,2026-04-24T22:21:36.149876,73,Tablet
1203,117,44,View,2026-04-28T22:21:36.150326,411,Tablet
1204,117,68,Bookmark,2026-04-17T22:21:36.150770,301,Desktop
1205,632,9,Bookmark,2026-04-20T22:21:36.151243,522,Desktop
1206,632,64,Share,2026-04-23T22:21:36.151689,367,Tablet
1207,632,88,Click,2026-04-27T22:21:36.152133,564,Mobile
1208,620,76,View,2026-05-06T22:21:36.152604,530,Desktop
1209,620,11,Bookmark,2026-04-24T22:21:36.153048,449,Desktop
1210,620,72,View,2026-04-20T22:21:36.153498,233,Desktop
1211,620,63,Click,2026-05-09T22:21:36.153940,259,Mobile
1212,620,66,Share,2026-05-03T22:21:36.154389,25,Desktop
1213,620,88,Click,2026-05-07T22:21:36.154830,474,Mobile
1214,620,78,Book,2026-04-19T22:21:36.155284,390,Desktop
1215,620,34,View,2026-05-10T22:21:36.155725,59,Tablet
1216,620,76,Bookmark,2026-04-26T22:21:36.156167,490,Tablet
1217,620,83,View,2026-04-27T22:21:36.156641,236,Tablet
1218,620,95,Share,2026-04-28T22:21:36.157137,364,Tablet
1219,440,33,View,2026-04-21T22:21:36.157708,560,Desktop
1220,440,81,Click,2026-04-23T22:21:36.158248,143,Desktop
1221,440,91,Click,2026-04-28T22:21:36.158828,16,Mobile
1222,440,90,View,2026-04-17T22:21:36.159317,576,Tablet
1223,440,43,Share,2026-04-23T22:21:36.159786,451,Mobile
1224,268,52,Click,2026-05-03T22:21:36.160279,247,Desktop
1225,268,30,View,2026-04-16T22:21:36.160738,314,Tablet
1226,268,7,Click,2026-05-12T22:21:36.161201,157,Desktop
1227,268,17,Book,2026-05-05T22:21:36.161656,585,Mobile
1228,268,79,Share,2026-05-06T22:21:36.162111,562,Mobile
1229,268,91,Bookmark,2026-04-15T22:21:36.162627,428,Desktop
1230,268,94,Book,2026-04-16T22:21:36.163082,490,Desktop
1231,268,71,Book,2026-05-12T22:21:36.163540,236,Mobile
1232,268,30,Book,2026-04-19T22:21:36.163992,472,Tablet
1233,268,61,View,2026-04-30T22:21:36.164488,129,Tablet
1234,268,11,Share,2026-04-21T22:21:36.164940,93,Tablet
1235,268,24,View,2026-05-04T22:21:36.165397,562,Desktop
1236,268,71,Share,2026-05-02T22:21:36.165849,14,Tablet
1237,85,2,View,2026-04-14T22:21:36.166327,441,Mobile
1238,85,10,Share,2026-05-02T22:21:36.166779,222,Desktop
1239,85,60,Click,2026-04-19T22:21:36.167449,464,Mobile
1240,85,16,Share,2026-05-10T22:21:36.167962,525,Desktop
1241,85,65,Click,2026-04-25T22:21:36.168450,31,Tablet
1242,331,100,Bookmark,2026-05-07T22:21:36.168944,333,Mobile
1243,331,48,View,2026-05-02T22:21:36.169412,88,Tablet
1244,331,68,View,2026-04-13T22:21:36.169868,462,Mobile
1245,331,78,View,2026-04-26T22:21:36.170330,416,Desktop
1246,331,52,Book,2026-05-11T22:21:36.170789,392,Desktop
1247,527,8,Click,2026-05-08T22:21:36.171269,454,Desktop
1248,527,73,Share,2026-04-18T22:21:36.171724,306,Mobile
1249,527,100,View,2026-05-03T22:21:36.172181,70,Desktop
1250,527,26,Bookmark,2026-05-04T22:21:36.172633,55,Tablet
1251,527,95,View,2026-05-10T22:21:36.173084,42,Desktop
1252,527,45,Book,2026-05-06T22:21:36.173585,45,Mobile
1253,181,50,View,2026-04-21T22:21:36.174274,90,Mobile
1254,181,40,Book,2026-04-20T22:21:36.174893,429,Mobile
1255,181,33,View,2026-04-14T22:21:36.175418,385,Tablet
1256,181,32,Bookmark,2026-04-23T22:21:36.175878,552,Mobile
1257,181,31,Share,2026-04-21T22:21:36.176338,377,Desktop
1258,181,89,Bookmark,2026-04-21T22:21:36.176794,222,Desktop
1259,181,73,View,2026-04-20T22:21:36.177267,167,Desktop
1260,181,30,Book,2026-05-12T22:21:36.177737,19,Mobile
1261,181,20,Share,2026-04-20T22:21:36.178253,473,Mobile
1262,181,84,Bookmark,2026-05-07T22:21:36.178599,490,Mobile
1263,181,94,Bookmark,2026-04-25T22:21:36.178937,593,Desktop
1264,537,74,Share,2026-04-14T22:21:36.179473,125,Tablet
1265,537,50,Bookmark,2026-04-19T22:21:36.179965,479,Mobile
1266,537,3,Book,2026-05-12T22:21:36.180443,458,Tablet
1267,537,56,Share,2026-04-21T22:21:36.180901,209,Desktop
1268,537,44,View,2026-04-13T22:21:36.181363,172,Desktop
1269,537,56,Book,2026-05-06T22:21:36.181813,523,Desktop
1270,537,90,Click,2026-04-20T22:21:36.182271,375,Mobile
1271,537,58,Bookmark,2026-04-18T22:21:36.182717,100,Desktop
1272,537,80,Bookmark,2026-04-22T22:21:36.183172,536,Tablet
1273,537,18,Bookmark,2026-05-10T22:21:36.183617,362,Mobile
1274,537,60,Book,2026-05-09T22:21:36.184066,513,Desktop
1275,537,44,Share,2026-05-11T22:21:36.184515,94,Mobile
1276,537,48,Share,2026-04-15T22:21:36.184958,175,Desktop
1277,537,10,Share,2026-04-17T22:21:36.185412,281,Desktop
1278,184,30,Book,2026-05-03T22:21:36.185878,500,Tablet
1279,184,11,Bookmark,2026-05-01T22:21:36.186332,324,Tablet
1280,184,41,Share,2026-05-05T22:21:36.186774,383,Tablet
1281,184,3,Book,2026-04-22T22:21:36.187226,125,Tablet
1282,184,18,Book,2026-04-27T22:21:36.187822,114,Tablet
1283,184,61,Click,2026-05-05T22:21:36.188287,272,Tablet
1284,184,66,View,2026-04-21T22:21:36.188815,141,Desktop
1285,184,79,Bookmark,2026-04-14T22:21:36.189401,401,Mobile
1286,184,64,Book,2026-05-07T22:21:36.189931,571,Mobile
1287,184,33,View,2026-04-25T22:21:36.190642,94,Tablet
1288,184,57,Bookmark,2026-04-13T22:21:36.191337,271,Tablet
1289,647,40,View,2026-04-19T22:21:36.191953,487,Desktop
1290,647,42,Bookmark,2026-04-29T22:21:36.192722,539,Desktop
1291,647,99,Book,2026-04-23T22:21:36.193348,110,Desktop
1292,647,1,View,2026-04-13T22:21:36.193821,86,Tablet
1293,647,16,Book,2026-04-16T22:21:36.194505,202,Mobile
1294,647,34,Book,2026-04-20T22:21:36.195175,431,Tablet
1295,647,23,Share,2026-04-24T22:21:36.195797,150,Mobile
1296,647,12,Click,2026-04-28T22:21:36.196417,553,Mobile
1297,647,96,Share,2026-04-17T22:21:36.197032,528,Desktop
1298,647,8,Share,2026-04-26T22:21:36.197693,191,Tablet
1299,134,99,Click,2026-04-22T22:21:36.198483,203,Desktop
1300,134,26,Click,2026-05-06T22:21:36.199223,363,Desktop
1301,134,15,Click,2026-05-05T22:21:36.199952,276,Mobile
1302,134,39,Bookmark,2026-04-19T22:21:36.200690,552,Desktop
1303,134,23,Book,2026-04-26T22:21:36.201425,502,Desktop
1304,124,44,Click,2026-04-30T22:21:36.202199,133,Tablet
1305,124,48,Book,2026-04-27T22:21:36.202926,367,Desktop
1306,124,31,View,2026-05-04T22:21:36.203666,323,Desktop
1307,124,58,Click,2026-04-27T22:21:36.204400,246,Mobile
1308,124,98,Share,2026-04-15T22:21:36.205131,392,Desktop
1309,124,4,Click,2026-04-21T22:21:36.205857,520,Desktop
1310,124,5,Bookmark,2026-04-30T22:21:36.206604,423,Tablet
1311,124,75,Bookmark,2026-04-22T22:21:36.207345,543,Desktop
1312,124,54,Click,2026-05-05T22:21:36.208258,472,Tablet
1313,251,95,View,2026-04-29T22:21:36.209054,257,Desktop
1314,251,1,Bookmark,2026-05-12T22:21:36.210127,39,Desktop
1315,251,56,Book,2026-05-08T22:21:36.210899,264,Desktop
1316,251,84,Bookmark,2026-04-29T22:21:36.211661,398,Tablet
1317,251,74,Click,2026-05-08T22:21:36.212405,567,Tablet
1318,251,62,View,2026-04-24T22:21:36.213141,544,Mobile
1319,251,36,Book,2026-04-15T22:21:36.213865,523,Mobile
1320,251,73,Bookmark,2026-04-15T22:21:36.214589,40,Desktop
1321,251,94,View,2026-04-13T22:21:36.215314,307,Tablet
1322,354,65,Bookmark,2026-04-24T22:21:36.216061,457,Tablet
1323,354,93,View,2026-04-24T22:21:36.216732,373,Mobile
1324,354,88,Share,2026-04-14T22:21:36.217464,223,Mobile
1325,354,38,Bookmark,2026-04-22T22:21:36.218197,350,Mobile
1326,354,75,View,2026-04-26T22:21:36.218923,126,Desktop
1327,354,35,Book,2026-05-01T22:21:36.219645,125,Tablet
1328,354,87,Click,2026-04-15T22:21:36.220364,364,Mobile
1329,956,79,Book,2026-05-03T22:21:36.221118,429,Tablet
1330,956,69,Bookmark,2026-04-28T22:21:36.221829,231,Tablet
1331,956,39,Click,2026-05-11T22:21:36.222551,432,Mobile
1332,476,63,Bookmark,2026-04-22T22:21:36.223352,141,Mobile
1333,476,20,Book,2026-05-01T22:21:36.224221,242,Mobile
1334,476,74,Bookmark,2026-05-06T22:21:36.224763,86,Tablet
1335,476,14,View,2026-04-20T22:21:36.225624,407,Desktop
1336,476,60,Book,2026-04-20T22:21:36.226389,259,Tablet
1337,476,34,View,2026-05-04T22:21:36.227115,419,Tablet
1338,275,52,Share,2026-05-12T22:21:36.227900,184,Tablet
1339,275,71,Book,2026-04-18T22:21:36.228604,143,Tablet
1340,275,84,Bookmark,2026-04-14T22:21:36.229326,22,Mobile
1341,275,61,Share,2026-04-28T22:21:36.230044,512,Mobile
1342,275,20,Share,2026-04-26T22:21:36.230766,403,Desktop
1343,275,38,View,2026-04-23T22:21:36.231487,154,Tablet
1344,275,76,View,2026-05-05T22:21:36.232439,225,Desktop
1345,465,64,View,2026-04-17T22:21:36.233288,135,Desktop
1346,465,19,Click,2026-04-18T22:21:36.234081,434,Tablet
1347,465,58,Share,2026-05-02T22:21:36.234842,345,Desktop
1348,465,51,Click,2026-05-05T22:21:36.235588,518,Desktop
1349,465,18,View,2026-04-21T22:21:36.236334,423,Desktop
1350,465,56,Share,2026-04-25T22:21:36.237098,303,Mobile
1351,465,92,Book,2026-05-05T22:21:36.237953,521,Mobile
1352,465,7,Book,2026-04-14T22:21:36.238698,553,Mobile
1353,465,52,Book,2026-04-27T22:21:36.239443,66,Desktop
1354,465,51,Share,2026-04-19T22:21:36.240233,346,Tablet
1355,465,34,Book,2026-04-27T22:21:36.241592,212,Tablet
1356,465,16,Book,2026-05-08T22:21:36.242908,171,Desktop
1357,544,20,Click,2026-05-05T22:21:36.243955,418,Desktop
1358,544,64,Click,2026-05-02T22:21:36.244846,185,Mobile
1359,544,61,Share,2026-04-26T22:21:36.245721,170,Desktop
1360,544,44,Book,2026-05-06T22:21:36.246571,128,Desktop
1361,544,30,Share,2026-04-26T22:21:36.247433,94,Tablet
1362,544,70,Click,2026-04-14T22:21:36.248311,97,Desktop
1363,544,76,Bookmark,2026-04-27T22:21:36.249165,42,Desktop
1364,544,73,View,2026-04-17T22:21:36.250016,442,Tablet
1365,544,96,Bookmark,2026-04-15T22:21:36.250919,28,Tablet
1366,544,41,Bookmark,2026-05-06T22:21:36.251765,362,Desktop
1367,544,83,Bookmark,2026-05-08T22:21:36.252609,226,Tablet
1368,544,25,View,2026-05-04T22:21:36.253349,223,Desktop
1369,544,43,Bookmark,2026-04-21T22:21:36.254140,490,Desktop
1370,783,26,Book,2026-04-13T22:21:36.254915,79,Mobile
1371,783,79,Share,2026-05-04T22:21:36.255656,558,Mobile
1372,783,79,View,2026-04-27T22:21:36.256494,90,Tablet
1373,783,49,Bookmark,2026-05-02T22:21:36.257903,106,Mobile
1374,783,54,Click,2026-05-12T22:21:36.259218,490,Desktop
1375,783,57,Book,2026-04-20T22:21:36.259939,442,Mobile
1376,783,69,Click,2026-04-19T22:21:36.260669,98,Tablet
1377,783,15,View,2026-04-29T22:21:36.261534,233,Desktop
1378,218,79,Share,2026-04-18T22:21:36.262427,181,Mobile
1379,218,9,Book,2026-04-21T22:21:36.263276,81,Mobile
1380,218,28,View,2026-05-08T22:21:36.264115,16,Tablet
1381,499,63,Click,2026-04-14T22:21:36.264999,453,Desktop
1382,499,65,Click,2026-04-13T22:21:36.265846,431,Desktop
1383,499,98,Share,2026-05-02T22:21:36.266691,301,Desktop
1384,499,16,Click,2026-04-27T22:21:36.267563,24,Tablet
1385,499,8,Share,2026-05-12T22:21:36.268404,266,Desktop
1386,499,14,Bookmark,2026-05-11T22:21:36.269248,26,Mobile
1387,499,85,Click,2026-05-01T22:21:36.270131,524,Tablet
1388,499,53,Bookmark,2026-04-15T22:21:36.270975,447,Mobile
1389,499,83,View,2026-04-18T22:21:36.271816,48,Tablet
1390,499,13,Book,2026-04-22T22:21:36.272732,297,Tablet
1391,499,66,Bookmark,2026-05-05T22:21:36.273599,82,Mobile
1392,843,25,Bookmark,2026-04-13T22:21:36.274553,555,Tablet
1393,843,85,Click,2026-04-20T22:21:36.275468,76,Desktop
1394,843,27,Click,2026-05-07T22:21:36.276385,25,Mobile
1395,843,38,Share,2026-05-01T22:21:36.277276,402,Tablet
1396,843,88,Click,2026-04-26T22:21:36.278318,333,Tablet
1397,843,82,Book,2026-04-25T22:21:36.279178,457,Mobile
1398,843,54,Bookmark,2026-05-01T22:21:36.280032,434,Mobile
1399,843,41,View,2026-04-23T22:21:36.280875,337,Tablet
1400,373,51,Book,2026-04-21T22:21:36.281757,158,Tablet
1401,373,25,View,2026-04-23T22:21:36.282601,110,Mobile
1402,373,75,Share,2026-05-03T22:21:36.283442,184,Mobile
1403,373,3,Bookmark,2026-05-10T22:21:36.284331,172,Tablet
1404,373,85,Bookmark,2026-04-29T22:21:36.285187,194,Tablet
1405,373,90,Bookmark,2026-04-20T22:21:36.286026,240,Mobile
1406,373,34,Share,2026-04-24T22:21:36.286879,459,Tablet
1407,373,65,Click,2026-05-05T22:21:36.287826,46,Mobile
1408,373,87,Book,2026-05-12T22:21:36.288806,339,Tablet
1409,373,28,Share,2026-05-03T22:21:36.289658,236,Desktop
1410,373,77,Book,2026-04-26T22:21:36.290528,298,Mobile
1411,373,20,Share,2026-05-05T22:21:36.291583,274,Desktop
1412,373,84,Bookmark,2026-04-20T22:21:36.292514,561,Mobile
1413,162,53,View,2026-04-21T22:21:36.293379,522,Tablet
1414,162,44,Bookmark,2026-05-09T22:21:36.294035,520,Mobile
1415,162,63,Share,2026-04-20T22:21:36.295080,442,Mobile
1416,162,38,Share,2026-04-23T22:21:36.296000,268,Mobile
1417,162,97,Bookmark,2026-04-25T22:21:36.296897,119,Tablet
1418,162,16,Click,2026-04-16T22:21:36.297752,234,Mobile
1419,162,34,Share,2026-05-08T22:21:36.298622,505,Tablet
1420,162,78,View,2026-04-14T22:21:36.299471,218,Desktop
1421,162,21,Book,2026-04-21T22:21:36.300306,244,Desktop
1422,162,100,Book,2026-04-16T22:21:36.301136,170,Mobile
1423,162,97,View,2026-04-15T22:21:36.301976,394,Tablet
1424,369,69,View,2026-04-19T22:21:36.302855,451,Tablet
1425,369,97,Bookmark,2026-04-13T22:21:36.303690,190,Tablet
1426,369,68,View,2026-05-12T22:21:36.304617,166,Mobile
1427,369,31,Bookmark,2026-04-29T22:21:36.305456,422,Mobile
1428,369,13,Book,2026-05-04T22:21:36.306295,316,Mobile
1429,369,98,View,2026-04-13T22:21:36.307111,394,Tablet
1430,369,27,Share,2026-04-13T22:21:36.308397,373,Desktop
1431,369,40,Click,2026-04-23T22:21:36.309629,211,Tablet
1432,369,58,Bookmark,2026-04-28T22:21:36.310478,399,Desktop
1433,369,39,Bookmark,2026-04-28T22:21:36.311315,408,Desktop
1434,369,71,Share,2026-05-04T22:21:36.312143,157,Tablet
1435,369,99,Book,2026-04-26T22:21:36.312976,288,Mobile
1436,369,97,Bookmark,2026-04-29T22:21:36.313806,38,Tablet
1437,276,1,Click,2026-04-24T22:21:36.314739,218,Desktop
1438,276,17,Click,2026-04-22T22:21:36.315570,364,Mobile
1439,276,78,Bookmark,2026-04-30T22:21:36.316406,226,Mobile
1440,276,74,View,2026-04-29T22:21:36.317223,362,Desktop
1441,276,33,Bookmark,2026-05-05T22:21:36.318025,277,Desktop
1442,276,61,Click,2026-04-26T22:21:36.318830,238,Mobile
1443,276,83,Book,2026-04-19T22:21:36.320045,151,Desktop
1444,276,75,Bookmark,2026-04-13T22:21:36.321003,111,Desktop
1445,276,6,Bookmark,2026-04-21T22:21:36.321902,125,Tablet
1446,276,72,Bookmark,2026-04-14T22:21:36.322774,123,Tablet
1447,276,8,Book,2026-04-27T22:21:36.323710,423,Mobile
1448,276,33,Click,2026-05-08T22:21:36.324636,26,Desktop
1449,819,32,Share,2026-04-23T22:21:36.325949,34,Desktop
1450,819,33,Book,2026-04-25T22:21:36.326959,67,Desktop
1451,819,7,Book,2026-04-18T22:21:36.327894,258,Tablet
1452,819,59,View,2026-04-16T22:21:36.328779,331,Tablet
1453,819,43,Bookmark,2026-05-07T22:21:36.329636,260,Tablet
1454,819,53,Bookmark,2026-05-09T22:21:36.330475,517,Desktop
1455,819,31,View,2026-04-22T22:21:36.331304,279,Mobile
1456,819,69,View,2026-04-15T22:21:36.332125,83,Tablet
1457,975,77,Share,2026-04-24T22:21:36.332995,337,Tablet
1458,975,38,View,2026-05-07T22:21:36.333853,209,Mobile
1459,975,20,Share,2026-05-08T22:21:36.334830,49,Mobile
1460,975,81,Bookmark,2026-04-16T22:21:36.335712,56,Desktop
1461,975,25,Bookmark,2026-04-28T22:21:36.336543,475,Mobile
1462,975,41,Click,2026-05-12T22:21:36.337396,506,Tablet
1463,975,74,Click,2026-05-04T22:21:36.338173,349,Tablet
1464,975,41,View,2026-04-26T22:21:36.339012,547,Tablet
1465,975,33,Book,2026-04-26T22:21:36.339846,314,Tablet
1466,904,7,Book,2026-05-02T22:21:36.341056,546,Desktop
1467,904,57,Click,2026-04-20T22:21:36.342284,239,Tablet
1468,904,58,Click,2026-05-09T22:21:36.343296,333,Desktop
1469,904,43,Click,2026-04-19T22:21:36.344124,265,Tablet
1470,904,68,Bookmark,2026-05-03T22:21:36.345017,337,Mobile
1471,904,96,Book,2026-04-16T22:21:36.345842,325,Tablet
1472,365,75,Click,2026-05-10T22:21:36.346710,181,Tablet
1473,365,77,Click,2026-04-20T22:21:36.347539,247,Desktop
1474,365,70,Book,2026-04-27T22:21:36.348376,330,Tablet
1475,365,96,Share,2026-05-09T22:21:36.349188,420,Tablet
1476,365,35,Bookmark,2026-04-28T22:21:36.350006,365,Desktop
1477,365,6,View,2026-04-14T22:21:36.351000,110,Desktop
1478,365,18,Share,2026-05-08T22:21:36.351826,317,Tablet
1479,365,53,View,2026-04-28T22:21:36.352704,184,Desktop
1480,365,93,Click,2026-04-27T22:21:36.353536,354,Tablet
1481,365,36,Share,2026-05-12T22:21:36.354356,332,Mobile
1482,365,42,Click,2026-04-24T22:21:36.355206,304,Desktop
1483,189,44,Click,2026-04-22T22:21:36.356004,88,Mobile
1484,189,73,Click,2026-04-22T22:21:36.356749,258,Tablet
1485,189,68,Bookmark,2026-05-05T22:21:36.357773,188,Mobile
1486,189,58,Book,2026-05-10T22:21:36.359072,268,Desktop
1487,189,24,Click,2026-04-21T22:21:36.359784,136,Tablet
1488,189,94,Bookmark,2026-05-03T22:21:36.360688,41,Desktop
1489,189,49,View,2026-05-02T22:21:36.361644,62,Tablet
1490,189,18,Share,2026-04-26T22:21:36.362595,143,Tablet
1491,189,72,Share,2026-04-14T22:21:36.363459,149,Desktop
1492,189,5,Book,2026-05-09T22:21:36.364310,572,Tablet
1493,189,88,Bookmark,2026-04-13T22:21:36.365166,564,Tablet
1494,189,33,Book,2026-05-09T22:21:36.365984,25,Desktop
1495,327,64,Book,2026-04-22T22:21:36.366963,349,Desktop
1496,327,83,Click,2026-04-17T22:21:36.367716,358,Tablet
1497,327,24,Book,2026-04-22T22:21:36.368503,356,Mobile
1498,327,55,Book,2026-05-08T22:21:36.369242,173,Mobile
1499,327,98,Click,2026-05-12T22:21:36.369975,102,Desktop
1500,327,96,Share,2026-05-07T22:21:36.370700,344,Tablet
1501,327,80,Share,2026-04-25T22:21:36.371437,9,Mobile
1502,795,70,View,2026-04-29T22:21:36.372213,184,Mobile
1503,795,18,Book,2026-05-03T22:21:36.372945,27,Tablet
1504,795,82,Share,2026-04-23T22:21:36.373742,179,Desktop
1505,795,26,Bookmark,2026-05-04T22:21:36.374534,431,Mobile
1506,795,63,Click,2026-04-21T22:21:36.375340,503,Tablet
1507,795,13,Bookmark,2026-05-08T22:21:36.376098,179,Desktop
1508,795,56,Bookmark,2026-04-23T22:21:36.376851,365,Tablet
1509,795,62,Share,2026-05-09T22:21:36.377597,361,Mobile
1510,925,59,Share,2026-04-22T22:21:36.378330,171,Tablet
1511,925,71,View,2026-04-18T22:21:36.379048,267,Tablet
1512,925,68,Click,2026-04-21T22:21:36.379774,51,Mobile
1513,97,27,Book,2026-04-22T22:21:36.380537,320,Desktop
1514,97,77,Bookmark,2026-04-29T22:21:36.381308,572,Desktop
1515,97,94,Click,2026-05-12T22:21:36.382086,28,Mobile
1516,97,7,View,2026-04-13T22:21:36.382813,285,Mobile
1517,97,71,Bookmark,2026-04-19T22:21:36.383552,472,Desktop
1518,97,50,View,2026-05-07T22:21:36.384288,45,Mobile
1519,97,34,Share,2026-04-13T22:21:36.384997,25,Tablet
1520,845,87,View,2026-05-02T22:21:36.385755,343,Tablet
1521,845,4,Book,2026-04-22T22:21:36.386514,502,Mobile
1522,845,18,View,2026-04-17T22:21:36.387548,455,Tablet
1523,845,72,Click,2026-04-18T22:21:36.388393,153,Mobile
1524,845,38,Share,2026-04-25T22:21:36.389150,479,Tablet
1525,845,71,View,2026-04-14T22:21:36.389895,334,Desktop
1526,845,76,Bookmark,2026-05-10T22:21:36.390803,163,Tablet
1527,845,70,Bookmark,2026-05-10T22:21:36.391863,256,Tablet
1528,845,9,Book,2026-05-07T22:21:36.392885,542,Tablet
1529,845,19,View,2026-04-20T22:21:36.393708,207,Mobile
1530,845,38,Bookmark,2026-04-26T22:21:36.394484,52,Mobile
1531,845,28,Click,2026-05-12T22:21:36.395247,118,Desktop
1532,883,10,Click,2026-05-04T22:21:36.396039,508,Tablet
1533,883,74,Bookmark,2026-05-07T22:21:36.396781,276,Tablet
1534,883,90,Book,2026-04-24T22:21:36.397617,208,Tablet
1535,883,22,Share,2026-04-23T22:21:36.398357,396,Tablet
1536,883,16,Click,2026-04-21T22:21:36.399105,373,Tablet
1537,883,57,Book,2026-05-08T22:21:36.399863,331,Mobile
1538,883,90,Share,2026-04-15T22:21:36.400605,516,Mobile
1539,883,96,View,2026-05-09T22:21:36.401347,79,Mobile
1540,938,15,Bookmark,2026-05-04T22:21:36.402138,229,Tablet
1541,938,22,Book,2026-04-18T22:21:36.402868,253,Desktop
1542,938,85,Share,2026-05-06T22:21:36.403606,363,Mobile
1543,938,24,Click,2026-04-18T22:21:36.404392,450,Mobile
1544,938,44,Click,2026-05-03T22:21:36.405142,165,Mobile
1545,938,63,View,2026-05-08T22:21:36.405871,498,Desktop
1546,938,54,Share,2026-05-12T22:21:36.406618,362,Tablet
1547,938,53,Click,2026-04-19T22:21:36.407335,37,Mobile
1548,971,34,Click,2026-04-19T22:21:36.408288,518,Mobile
1549,971,25,View,2026-04-13T22:21:36.409061,98,Mobile
1550,971,7,View,2026-04-27T22:21:36.409844,390,Tablet
1551,971,98,Bookmark,2026-04-16T22:21:36.410579,56,Mobile
1552,971,12,Bookmark,2026-04-23T22:21:36.411314,215,Desktop
1553,971,70,Click,2026-04-29T22:21:36.412048,549,Tablet
1554,971,77,Click,2026-04-29T22:21:36.412780,220,Mobile
1555,971,46,Book,2026-04-20T22:21:36.413783,590,Desktop
1556,971,92,Share,2026-04-29T22:21:36.414552,442,Desktop
1557,971,47,Book,2026-05-03T22:21:36.415316,287,Desktop
1558,971,76,Share,2026-04-14T22:21:36.416054,168,Mobile
1559,971,57,Share,2026-04-30T22:21:36.416783,152,Mobile
1560,971,23,Click,2026-04-22T22:21:36.417538,141,Desktop
1561,128,10,Share,2026-04-30T22:21:36.418603,440,Mobile
1562,128,30,View,2026-05-11T22:21:36.419417,433,Mobile
1563,128,28,Book,2026-04-26T22:21:36.420186,503,Tablet
1564,398,10,Click,2026-04-29T22:21:36.420982,341,Mobile
1565,398,86,Click,2026-05-10T22:21:36.421723,574,Tablet
1566,398,18,Share,2026-04-13T22:21:36.422469,553,Desktop
1567,398,79,View,2026-05-10T22:21:36.423223,365,Tablet
1568,398,30,Bookmark,2026-04-23T22:21:36.424020,571,Desktop
1569,398,87,View,2026-05-03T22:21:36.424871,371,Desktop
1570,514,51,Bookmark,2026-05-08T22:21:36.425765,377,Desktop
1571,514,33,Share,2026-05-07T22:21:36.426542,273,Mobile
1572,514,73,Click,2026-04-22T22:21:36.427317,156,Mobile
1573,514,68,Share,2026-04-15T22:21:36.428056,36,Mobile
1574,514,31,Share,2026-04-28T22:21:36.428790,263,Mobile
1575,514,47,Bookmark,2026-05-02T22:21:36.429657,473,Desktop
1576,514,21,Click,2026-05-04T22:21:36.430468,389,Mobile
1577,420,80,Bookmark,2026-04-22T22:21:36.431342,109,Tablet
1578,420,95,View,2026-05-12T22:21:36.432116,557,Tablet
1579,420,96,Click,2026-05-08T22:21:36.432897,175,Mobile
1580,420,12,Share,2026-04-24T22:21:36.433619,77,Tablet
1581,420,80,Share,2026-04-15T22:21:36.434405,459,Desktop
1582,420,32,Bookmark,2026-04-22T22:21:36.435145,54,Tablet
1583,420,57,Bookmark,2026-04-16T22:21:36.435988,38,Desktop
1584,420,40,Bookmark,2026-04-21T22:21:36.436800,164,Mobile
1585,420,2,Click,2026-05-06T22:21:36.437544,516,Tablet
1586,420,33,Click,2026-05-10T22:21:36.438262,224,Desktop
1587,420,15,Book,2026-04-29T22:21:36.439085,63,Desktop
1588,420,39,Share,2026-05-12T22:21:36.439907,333,Mobile
1589,420,51,Book,2026-04-28T22:21:36.440721,234,Mobile
1590,469,54,View,2026-05-07T22:21:36.441636,132,Mobile
1591,469,91,Bookmark,2026-04-29T22:21:36.442546,138,Tablet
1592,469,87,Book,2026-05-04T22:21:36.443348,456,Desktop
1593,469,40,Click,2026-04-29T22:21:36.444226,594,Desktop
1594,469,45,Bookmark,2026-05-07T22:21:36.445345,322,Mobile
1595,469,84,Book,2026-04-15T22:21:36.446361,145,Mobile
1596,469,45,Share,2026-04-17T22:21:36.447314,507,Desktop
1597,469,99,Book,2026-05-06T22:21:36.448221,324,Mobile
1598,469,43,Click,2026-05-09T22:21:36.449087,314,Tablet
1599,469,71,Share,2026-05-03T22:21:36.449972,389,Mobile
1600,469,37,View,2026-05-10T22:21:36.450817,109,Tablet
1601,469,35,Book,2026-05-04T22:21:36.451668,64,Desktop
1602,536,12,Share,2026-04-14T22:21:36.452560,433,Tablet
1603,536,95,Click,2026-04-25T22:21:36.453301,206,Tablet
1604,536,90,Book,2026-05-05T22:21:36.454038,289,Tablet
1605,536,53,Book,2026-04-19T22:21:36.454766,380,Desktop
1606,536,14,Share,2026-05-07T22:21:36.455513,264,Desktop
1607,536,79,Book,2026-04-27T22:21:36.456251,382,Tablet
1608,536,92,Click,2026-04-30T22:21:36.457120,510,Desktop
1609,536,41,Share,2026-05-08T22:21:36.458442,326,Desktop
1610,536,52,Share,2026-04-26T22:21:36.459512,33,Desktop
1611,536,70,Click,2026-05-11T22:21:36.460376,191,Tablet
1612,536,2,Click,2026-04-26T22:21:36.461343,575,Tablet
1613,519,64,Click,2026-04-22T22:21:36.462178,234,Desktop
1614,519,17,Click,2026-04-29T22:21:36.462946,456,Desktop
1615,519,43,Share,2026-04-16T22:21:36.463699,407,Desktop
1616,519,25,Click,2026-04-24T22:21:36.464500,372,Desktop
1617,519,64,View,2026-04-26T22:21:36.465257,63,Tablet
1618,519,86,Share,2026-04-17T22:21:36.466017,436,Desktop
1619,519,81,View,2026-05-06T22:21:36.466757,224,Tablet
1620,519,12,View,2026-05-04T22:21:36.467808,112,Tablet
1621,519,42,Share,2026-05-08T22:21:36.468686,13,Tablet
1622,519,24,Book,2026-05-11T22:21:36.469453,40,Mobile
1623,519,87,Bookmark,2026-04-27T22:21:36.470210,62,Tablet
1624,519,25,Bookmark,2026-05-06T22:21:36.470962,122,Mobile
1625,158,97,View,2026-04-27T22:21:36.471733,384,Desktop
1626,158,38,Book,2026-04-24T22:21:36.472478,214,Tablet
1627,158,75,Bookmark,2026-05-10T22:21:36.473241,192,Tablet
1628,158,65,Bookmark,2026-05-03T22:21:36.474005,482,Desktop
1629,158,81,View,2026-04-25T22:21:36.474823,24,Mobile
1630,158,57,Share,2026-05-02T22:21:36.475847,594,Desktop
1631,158,18,Share,2026-04-25T22:21:36.476844,323,Mobile
1632,158,72,Click,2026-04-15T22:21:36.477947,256,Tablet
1633,113,78,Book,2026-04-20T22:21:36.478799,405,Tablet
1634,113,26,View,2026-05-09T22:21:36.479811,349,Tablet
1635,113,17,Book,2026-04-15T22:21:36.480687,378,Desktop
1636,113,6,Click,2026-04-25T22:21:36.481534,60,Tablet
1637,113,14,Click,2026-04-21T22:21:36.482373,445,Mobile
1638,113,90,Click,2026-05-11T22:21:36.483260,455,Desktop
1639,113,11,Click,2026-05-01T22:21:36.484099,513,Desktop
1640,113,30,View,2026-04-15T22:21:36.484928,465,Desktop
1641,113,38,Bookmark,2026-05-12T22:21:36.485754,179,Tablet
1642,113,49,Book,2026-05-04T22:21:36.486577,62,Tablet
1643,366,89,View,2026-05-07T22:21:36.487452,513,Tablet
1644,366,95,Share,2026-05-04T22:21:36.488289,503,Desktop
1645,366,32,Bookmark,2026-05-08T22:21:36.489356,74,Tablet
1646,366,76,Click,2026-04-28T22:21:36.490353,386,Desktop
1647,366,17,Bookmark,2026-05-06T22:21:36.491384,323,Mobile
1648,366,57,Bookmark,2026-05-11T22:21:36.492357,466,Desktop
1649,366,48,Share,2026-05-02T22:21:36.493897,205,Tablet
1650,366,4,Bookmark,2026-04-13T22:21:36.494899,351,Mobile
1651,366,52,View,2026-04-15T22:21:36.495803,226,Desktop
1652,366,94,Bookmark,2026-05-03T22:21:36.496695,400,Mobile
1653,366,98,Click,2026-05-06T22:21:36.497567,456,Desktop
1654,366,92,View,2026-04-25T22:21:36.498428,589,Desktop
1655,929,23,Bookmark,2026-04-30T22:21:36.499325,401,Mobile
1656,929,89,Share,2026-04-28T22:21:36.500177,394,Desktop
1657,929,82,Bookmark,2026-04-26T22:21:36.501055,334,Desktop
1658,929,87,Bookmark,2026-04-24T22:21:36.501912,344,Desktop
1659,929,59,View,2026-05-01T22:21:36.502781,130,Mobile
1660,929,66,View,2026-05-11T22:21:36.503629,442,Desktop
1661,929,54,Click,2026-04-15T22:21:36.504469,150,Tablet
1662,929,48,Bookmark,2026-05-10T22:21:36.505315,299,Tablet
1663,929,3,Bookmark,2026-04-20T22:21:36.506162,215,Mobile
1664,929,18,Bookmark,2026-05-08T22:21:36.507024,315,Mobile
1665,929,34,Click,2026-05-09T22:21:36.508244,175,Mobile
1666,929,41,Share,2026-05-07T22:21:36.509972,282,Mobile
1667,147,91,Share,2026-05-09T22:21:36.511085,108,Mobile
1668,147,37,Bookmark,2026-05-09T22:21:36.511984,300,Tablet
1669,147,91,Click,2026-04-16T22:21:36.512862,197,Mobile
1670,147,2,Bookmark,2026-04-30T22:21:36.513727,7,Desktop
1671,147,80,View,2026-05-06T22:21:36.514584,295,Desktop
1672,147,48,Click,2026-04-19T22:21:36.515474,178,Tablet
1673,147,75,Book,2026-04-18T22:21:36.516315,125,Tablet
1674,147,1,Book,2026-04-30T22:21:36.517176,280,Mobile
1675,147,91,Book,2026-05-02T22:21:36.518040,248,Mobile
1676,147,3,Share,2026-04-26T22:21:36.518896,297,Desktop
1677,147,74,Bookmark,2026-04-30T22:21:36.519816,562,Mobile
1678,294,68,Share,2026-04-13T22:21:36.520704,150,Tablet
1679,294,53,Click,2026-04-24T22:21:36.521551,453,Tablet
1680,294,6,Click,2026-05-08T22:21:36.522390,85,Tablet
1681,294,2,Book,2026-04-18T22:21:36.523245,498,Mobile
1682,294,37,Book,2026-04-26T22:21:36.524211,329,Mobile
1683,294,58,Bookmark,2026-05-09T22:21:36.525674,107,Tablet
1684,294,49,Bookmark,2026-05-07T22:21:36.526818,418,Mobile
1685,294,37,Bookmark,2026-05-03T22:21:36.527877,493,Desktop
1686,294,58,Book,2026-05-10T22:21:36.528779,21,Desktop
1687,294,18,Book,2026-04-27T22:21:36.529678,290,Desktop
1688,294,16,Bookmark,2026-04-21T22:21:36.530542,264,Tablet
1689,294,15,Share,2026-04-16T22:21:36.531388,520,Tablet
1690,294,85,Share,2026-05-11T22:21:36.532247,299,Desktop
1691,294,33,Click,2026-04-15T22:21:36.533097,332,Desktop
1692,986,86,Bookmark,2026-04-15T22:21:36.533986,463,Tablet
1693,986,1,Share,2026-04-16T22:21:36.534834,268,Mobile
1694,986,46,Bookmark,2026-05-05T22:21:36.535732,439,Desktop
1695,986,100,Click,2026-04-21T22:21:36.536584,72,Tablet
1696,562,15,Book,2026-05-03T22:21:36.537449,427,Desktop
1697,562,35,View,2026-04-27T22:21:36.538304,466,Tablet
1698,562,44,View,2026-04-27T22:21:36.539148,287,Mobile
1699,562,70,Book,2026-05-11T22:21:36.540175,331,Tablet
1700,562,93,Book,2026-04-21T22:21:36.541200,584,Mobile
1701,562,13,View,2026-05-05T22:21:36.542195,284,Mobile
1702,562,47,Share,2026-04-24T22:21:36.543398,552,Tablet
1703,562,70,Click,2026-05-01T22:21:36.544303,584,Desktop
1704,562,13,View,2026-04-21T22:21:36.545196,505,Tablet
1705,562,21,Bookmark,2026-05-08T22:21:36.546071,561,Desktop
1706,562,81,Click,2026-05-10T22:21:36.546935,429,Tablet
1707,562,88,Bookmark,2026-05-05T22:21:36.548164,258,Desktop
1708,703,98,Share,2026-05-09T22:21:36.549115,294,Mobile
1709,703,98,Book,2026-04-14T22:21:36.549988,442,Mobile
1710,703,52,Share,2026-04-18T22:21:36.550864,351,Desktop
1711,677,95,Bookmark,2026-04-15T22:21:36.551755,382,Mobile
1712,677,38,Click,2026-04-23T22:21:36.552607,145,Tablet
1713,677,5,Share,2026-04-19T22:21:36.553446,375,Desktop
1714,677,17,View,2026-04-15T22:21:36.554274,453,Desktop
1715,677,33,Book,2026-05-09T22:21:36.555157,342,Tablet
1716,677,24,View,2026-04-28T22:21:36.556114,153,Desktop
1717,677,67,View,2026-04-19T22:21:36.556983,402,Desktop
1718,677,69,Book,2026-04-20T22:21:36.557982,41,Tablet
1719,677,36,Book,2026-05-01T22:21:36.559029,114,Tablet
1720,299,78,Bookmark,2026-04-21T22:21:36.559935,334,Mobile
1721,299,60,Bookmark,2026-05-04T22:21:36.560775,518,Desktop
1722,299,71,View,2026-04-19T22:21:36.561608,12,Mobile
1723,299,13,View,2026-05-07T22:21:36.562470,279,Mobile
1724,299,3,View,2026-04-22T22:21:36.563305,544,Desktop
1725,299,47,View,2026-04-18T22:21:36.564148,571,Desktop
1726,299,79,View,2026-05-05T22:21:36.564962,27,Desktop
1727,299,42,Click,2026-05-09T22:21:36.565785,14,Desktop
1728,299,100,Share,2026-05-03T22:21:36.566619,125,Tablet
1729,83,80,Bookmark,2026-05-01T22:21:36.567489,264,Mobile
1730,83,44,Bookmark,2026-05-11T22:21:36.568323,542,Tablet
1731,83,70,View,2026-04-28T22:21:36.569150,479,Mobile
1732,83,8,View,2026-05-12T22:21:36.569965,393,Tablet
1733,405,54,Click,2026-05-03T22:21:36.570828,556,Desktop
1734,405,22,Bookmark,2026-05-10T22:21:36.571830,598,Mobile
1735,405,14,View,2026-04-23T22:21:36.572694,473,Desktop
1736,405,59,Share,2026-04-29T22:21:36.573571,114,Desktop
1737,309,41,Share,2026-05-06T22:21:36.574602,99,Mobile
1738,309,79,View,2026-04-30T22:21:36.575528,476,Tablet
1739,309,88,Click,2026-04-17T22:21:36.576408,343,Mobile
1740,309,24,Bookmark,2026-05-03T22:21:36.577260,21,Mobile
1741,309,61,Share,2026-04-19T22:21:36.578106,154,Desktop
1742,309,85,View,2026-05-07T22:21:36.578926,591,Tablet
1743,309,48,Bookmark,2026-04-24T22:21:36.579752,384,Mobile
1744,309,54,View,2026-04-24T22:21:36.580576,149,Desktop
1745,309,40,Share,2026-04-20T22:21:36.581405,530,Mobile
1746,309,88,Click,2026-04-27T22:21:36.582230,176,Mobile
1747,309,63,Click,2026-04-14T22:21:36.583050,533,Desktop
1748,309,26,Bookmark,2026-05-10T22:21:36.583876,595,Mobile
1749,309,17,Book,2026-04-17T22:21:36.584754,423,Tablet
1750,243,84,Book,2026-05-04T22:21:36.585615,534,Mobile
1751,243,75,Bookmark,2026-04-27T22:21:36.586445,588,Tablet
1752,243,66,Book,2026-05-03T22:21:36.587369,575,Mobile
1753,243,43,Share,2026-04-27T22:21:36.588247,402,Tablet
1754,243,72,Bookmark,2026-05-08T22:21:36.589088,429,Mobile
1755,243,48,Bookmark,2026-05-01T22:21:36.589920,377,Desktop
1756,163,94,Bookmark,2026-04-13T22:21:36.590859,97,Mobile
1757,163,80,Click,2026-04-17T22:21:36.591767,334,Desktop
1758,163,43,Click,2026-05-01T22:21:36.592620,73,Mobile
1759,163,11,View,2026-05-02T22:21:36.593449,213,Tablet
1760,163,39,View,2026-04-25T22:21:36.594293,278,Mobile
1761,163,41,Click,2026-05-12T22:21:36.595140,559,Desktop
1762,163,55,Click,2026-04-13T22:21:36.595956,398,Desktop
1763,163,83,Click,2026-05-03T22:21:36.596775,250,Desktop
1764,163,26,Click,2026-05-11T22:21:36.597603,215,Tablet
1765,163,70,Share,2026-05-06T22:21:36.598443,125,Mobile
1766,498,22,View,2026-05-07T22:21:36.599330,539,Desktop
1767,498,14,Click,2026-04-14T22:21:36.600159,552,Tablet
1768,498,5,Book,2026-04-29T22:21:36.600985,564,Tablet
1769,498,11,Click,2026-04-20T22:21:36.601790,328,Tablet
1770,799,59,Bookmark,2026-05-10T22:21:36.602655,164,Mobile
1771,799,70,Click,2026-04-17T22:21:36.603585,250,Mobile
1772,799,76,Share,2026-04-16T22:21:36.604703,412,Tablet
1773,799,63,View,2026-05-04T22:21:36.605540,592,Tablet
1774,799,74,Bookmark,2026-05-11T22:21:36.606413,99,Tablet
1775,799,1,Book,2026-05-12T22:21:36.607374,26,Desktop
1776,799,76,Bookmark,2026-04-20T22:21:36.608571,475,Desktop
1777,799,76,Bookmark,2026-04-20T22:21:36.609832,133,Tablet
1778,799,2,Share,2026-05-11T22:21:36.610761,181,Mobile
1779,799,19,Share,2026-05-07T22:21:36.612014,427,Tablet
1780,799,64,Click,2026-04-26T22:21:36.612890,202,Tablet
1781,799,86,View,2026-05-11T22:21:36.613750,249,Tablet
1782,799,69,Share,2026-04-13T22:21:36.614668,144,Tablet
1783,799,10,Share,2026-04-13T22:21:36.615526,118,Mobile
1784,628,9,Click,2026-05-10T22:21:36.616423,173,Desktop
1785,628,44,Click,2026-05-03T22:21:36.617206,526,Mobile
1786,628,73,View,2026-04-21T22:21:36.618069,510,Desktop
1787,628,13,Click,2026-04-14T22:21:36.618999,96,Tablet
1788,628,20,View,2026-05-01T22:21:36.619837,223,Tablet
1789,628,13,Share,2026-04-18T22:21:36.620683,61,Mobile
1790,702,86,Book,2026-05-07T22:21:36.621579,186,Mobile
1791,702,67,View,2026-04-13T22:21:36.622437,211,Tablet
1792,702,98,Bookmark,2026-04-20T22:21:36.623293,126,Tablet
1793,702,98,Book,2026-05-12T22:21:36.624176,137,Tablet
1794,702,81,Share,2026-04-13T22:21:36.625008,581,Tablet
1795,702,67,Click,2026-04-27T22:21:36.625871,212,Mobile
1796,702,14,Share,2026-04-17T22:21:36.626744,573,Mobile
1797,702,44,Share,2026-04-26T22:21:36.627895,34,Mobile
1798,702,85,View,2026-05-02T22:21:36.628777,247,Tablet
1799,702,30,Click,2026-04-23T22:21:36.629655,96,Mobile
1800,612,62,Book,2026-04-27T22:21:36.630549,99,Mobile
1801,612,77,Click,2026-05-01T22:21:36.631399,132,Mobile
1802,612,24,Book,2026-04-14T22:21:36.632243,534,Tablet
1803,612,77,Book,2026-05-03T22:21:36.633079,575,Tablet
1804,612,5,View,2026-05-08T22:21:36.633923,506,Mobile
1805,612,91,Share,2026-04-23T22:21:36.634842,193,Mobile
1806,612,47,Click,2026-05-11T22:21:36.635698,447,Desktop
1807,612,5,Share,2026-05-03T22:21:36.636540,254,Mobile
1808,612,63,Click,2026-04-15T22:21:36.637381,426,Tablet
1809,612,54,Share,2026-04-19T22:21:36.638233,388,Tablet
1810,612,97,Share,2026-05-06T22:21:36.639065,83,Tablet
1811,612,22,Share,2026-05-03T22:21:36.639918,160,Tablet
1812,612,29,Book,2026-05-09T22:21:36.640815,439,Tablet
1813,612,94,Share,2026-04-17T22:21:36.641713,539,Mobile
1814,870,29,Bookmark,2026-04-18T22:21:36.642661,66,Tablet
1815,870,48,Click,2026-05-10T22:21:36.643527,562,Mobile
1816,870,71,Click,2026-05-03T22:21:36.644429,180,Tablet
1817,870,70,Bookmark,2026-04-26T22:21:36.645278,204,Mobile
1818,870,41,Bookmark,2026-05-11T22:21:36.646118,555,Tablet
1819,870,23,Book,2026-05-03T22:21:36.646961,371,Mobile
1820,870,92,View,2026-05-01T22:21:36.647806,493,Desktop
1821,870,62,Book,2026-05-05T22:21:36.648658,298,Tablet
1822,870,41,Bookmark,2026-05-07T22:21:36.649614,134,Tablet
1823,283,25,Bookmark,2026-04-25T22:21:36.651173,68,Mobile
1824,283,75,Click,2026-04-14T22:21:36.652045,187,Tablet
1825,283,68,Click,2026-05-11T22:21:36.652944,176,Tablet
1826,283,78,Click,2026-04-14T22:21:36.653817,240,Mobile
1827,283,2,Click,2026-05-12T22:21:36.654672,408,Tablet
1828,283,94,Click,2026-04-17T22:21:36.655523,344,Mobile
1829,283,65,View,2026-05-12T22:21:36.656674,256,Tablet
1830,283,14,View,2026-05-12T22:21:36.657668,586,Tablet
1831,283,54,Click,2026-05-10T22:21:36.658822,306,Tablet
1832,283,6,Share,2026-04-18T22:21:36.660066,243,Mobile
1833,283,28,Book,2026-04-20T22:21:36.661271,356,Desktop
1834,326,58,Bookmark,2026-04-20T22:21:36.662274,429,Desktop
1835,326,17,Bookmark,2026-04-29T22:21:36.663155,470,Mobile
1836,326,63,Click,2026-04-27T22:21:36.664020,107,Desktop
1837,920,90,View,2026-04-21T22:21:36.664908,576,Desktop
1838,920,17,Click,2026-04-24T22:21:36.665865,128,Mobile
1839,920,54,Share,2026-04-23T22:21:36.666733,199,Mobile
1840,920,36,View,2026-04-18T22:21:36.667587,304,Desktop
1841,920,83,Book,2026-04-13T22:21:36.668444,271,Mobile
1842,920,33,View,2026-04-27T22:21:36.669296,582,Desktop
1843,920,23,Click,2026-04-26T22:21:36.670195,246,Tablet
1844,920,94,Click,2026-04-13T22:21:36.671041,8,Mobile
1845,920,8,Share,2026-04-29T22:21:36.671878,284,Mobile
1846,920,46,Share,2026-04-27T22:21:36.672727,276,Desktop
1847,920,34,Share,2026-04-28T22:21:36.673657,348,Tablet
1848,920,1,Book,2026-05-01T22:21:36.674629,51,Tablet
1849,920,38,Bookmark,2026-04-26T22:21:36.675541,557,Mobile
1850,16,66,Bookmark,2026-04-13T22:21:36.676697,480,Mobile
1851,16,26,Bookmark,2026-04-15T22:21:36.677581,577,Mobile
1852,16,62,View,2026-04-25T22:21:36.678423,402,Desktop
1853,16,41,Share,2026-05-04T22:21:36.679274,48,Desktop
1854,463,98,View,2026-04-16T22:21:36.680163,333,Mobile
1855,463,30,Book,2026-04-15T22:21:36.681096,114,Tablet
1856,463,79,Share,2026-05-10T22:21:36.682160,557,Mobile
1857,463,1,View,2026-04-24T22:21:36.683018,74,Tablet
1858,463,50,View,2026-04-19T22:21:36.683856,228,Desktop
1859,330,10,Book,2026-04-15T22:21:36.684740,409,Tablet
1860,330,58,Share,2026-05-07T22:21:36.685585,492,Mobile
1861,330,57,Book,2026-04-15T22:21:36.686431,582,Tablet
1862,330,47,Bookmark,2026-04-17T22:21:36.687323,397,Tablet
1863,330,94,Book,2026-04-13T22:21:36.688187,556,Mobile
1864,330,97,Click,2026-05-05T22:21:36.689028,591,Mobile
1865,330,86,View,2026-04-19T22:21:36.689970,573,Tablet
1866,330,7,Click,2026-04-30T22:21:36.690910,88,Tablet
1867,330,34,Share,2026-04-22T22:21:36.691872,306,Mobile
1868,330,61,View,2026-04-19T22:21:36.693169,545,Tablet
1869,330,92,Share,2026-05-07T22:21:36.694028,75,Mobile
1870,131,29,View,2026-05-09T22:21:36.694944,599,Desktop
1871,131,73,Click,2026-04-13T22:21:36.695782,24,Tablet
1872,131,82,Click,2026-04-23T22:21:36.696746,413,Desktop
1873,822,39,View,2026-04-16T22:21:36.697677,14,Tablet
1874,822,25,Share,2026-04-17T22:21:36.698485,464,Mobile
1875,822,58,Share,2026-04-26T22:21:36.699327,343,Tablet
1876,237,79,Book,2026-05-07T22:21:36.700238,407,Mobile
1877,237,86,Share,2026-05-07T22:21:36.701088,580,Mobile
1878,237,83,Bookmark,2026-04-17T22:21:36.701921,267,Desktop
1879,561,6,Book,2026-04-13T22:21:36.702800,90,Mobile
1880,561,73,Bookmark,2026-04-15T22:21:36.703645,481,Desktop
1881,561,52,View,2026-04-15T22:21:36.704540,81,Tablet
1882,561,81,Click,2026-05-03T22:21:36.705381,157,Desktop
1883,561,64,View,2026-05-01T22:21:36.706222,83,Tablet
1884,561,27,Bookmark,2026-04-17T22:21:36.707218,65,Tablet
1885,653,79,Book,2026-05-06T22:21:36.708220,492,Tablet
1886,653,11,Book,2026-04-17T22:21:36.709556,43,Desktop
1887,653,80,Share,2026-04-14T22:21:36.710451,279,Desktop
1888,653,79,View,2026-04-28T22:21:36.711953,255,Desktop
1889,653,21,Bookmark,2026-05-01T22:21:36.712845,511,Desktop
1890,653,75,Share,2026-05-06T22:21:36.713705,461,Desktop
1891,653,100,Share,2026-04-15T22:21:36.714577,354,Desktop
1892,653,38,Bookmark,2026-04-28T22:21:36.715425,432,Desktop
1893,344,2,View,2026-05-10T22:21:36.716311,133,Desktop
1894,344,60,Share,2026-04-30T22:21:36.717178,189,Mobile
1895,344,7,Click,2026-04-29T22:21:36.718100,138,Mobile
1896,344,21,Click,2026-05-07T22:21:36.718934,262,Tablet
1897,344,49,Bookmark,2026-04-19T22:21:36.719776,530,Tablet
1898,344,85,View,2026-04-24T22:21:36.720748,285,Mobile
1899,344,88,Bookmark,2026-05-10T22:21:36.721590,190,Mobile
1900,344,100,Book,2026-05-04T22:21:36.722431,32,Tablet
1901,344,46,Bookmark,2026-05-03T22:21:36.723303,222,Mobile
1902,344,3,Bookmark,2026-05-02T22:21:36.724264,415,Desktop
1903,344,42,View,2026-05-09T22:21:36.725215,521,Tablet
1904,344,9,Book,2026-05-09T22:21:36.726529,583,Mobile
1905,344,5,View,2026-04-14T22:21:36.727578,62,Tablet
1906,344,27,View,2026-05-01T22:21:36.728645,446,Desktop
1907,625,67,Click,2026-05-08T22:21:36.729531,272,Tablet
1908,625,4,View,2026-05-07T22:21:36.730281,490,Tablet
1909,625,54,View,2026-04-27T22:21:36.731157,47,Desktop
1910,625,20,Click,2026-05-07T22:21:36.732027,592,Mobile
1911,625,53,Click,2026-05-03T22:21:36.732912,216,Desktop
1912,625,5,Click,2026-05-09T22:21:36.733777,340,Mobile
1913,569,83,Book,2026-05-06T22:21:36.735283,171,Desktop
1914,569,78,Share,2026-05-03T22:21:36.736159,578,Mobile
1915,569,52,View,2026-05-02T22:21:36.737018,547,Mobile
1916,569,22,Book,2026-05-10T22:21:36.738246,196,Mobile
1917,569,84,Bookmark,2026-04-28T22:21:36.739260,577,Desktop
1918,569,79,Share,2026-05-07T22:21:36.740216,326,Desktop
1919,569,15,Share,2026-05-05T22:21:36.741214,240,Mobile
1920,569,7,Share,2026-05-03T22:21:36.742500,143,Desktop
1921,569,30,Share,2026-04-22T22:21:36.743805,77,Mobile
1922,569,92,Click,2026-04-22T22:21:36.745509,309,Desktop
1923,569,87,Bookmark,2026-05-11T22:21:36.746585,50,Desktop
1924,569,21,Click,2026-05-06T22:21:36.747437,210,Mobile
1925,249,22,Click,2026-05-03T22:21:36.748364,69,Mobile
1926,249,88,Bookmark,2026-05-02T22:21:36.749223,145,Desktop
1927,249,4,Share,2026-04-20T22:21:36.750073,330,Desktop
1928,249,41,Click,2026-04-19T22:21:36.750907,312,Mobile
1929,249,51,Bookmark,2026-04-20T22:21:36.751732,474,Tablet
1930,249,35,View,2026-05-09T22:21:36.752605,447,Tablet
1931,249,13,Share,2026-05-10T22:21:36.753448,537,Mobile
1932,610,13,Book,2026-04-26T22:21:36.754330,97,Mobile
1933,610,62,Bookmark,2026-04-29T22:21:36.755166,441,Desktop
1934,610,72,Bookmark,2026-04-20T22:21:36.756001,535,Mobile
1935,610,64,Click,2026-04-17T22:21:36.756773,443,Tablet
1936,725,6,View,2026-05-03T22:21:36.757940,103,Desktop
1937,725,35,Bookmark,2026-04-15T22:21:36.759423,150,Mobile
1938,725,54,Share,2026-05-11T22:21:36.760496,114,Mobile
1939,725,4,Share,2026-04-23T22:21:36.761408,280,Mobile
1940,725,99,Share,2026-04-25T22:21:36.762293,412,Tablet
1941,725,33,Book,2026-04-18T22:21:36.763175,585,Desktop
1942,725,45,Share,2026-05-10T22:21:36.764088,251,Desktop
1943,725,91,Share,2026-05-02T22:21:36.764976,13,Tablet
1944,725,85,Click,2026-05-06T22:21:36.765828,41,Mobile
1945,725,92,Share,2026-04-26T22:21:36.766688,94,Mobile
1946,725,81,Share,2026-04-14T22:21:36.767548,597,Mobile
1947,708,34,View,2026-04-20T22:21:36.768714,162,Tablet
1948,708,51,View,2026-04-23T22:21:36.769641,475,Tablet
1949,708,19,Book,2026-04-30T22:21:36.770533,72,Mobile
1950,708,12,Book,2026-05-04T22:21:36.771439,211,Mobile
1951,708,79,View,2026-04-14T22:21:36.772305,137,Mobile
1952,708,25,Book,2026-04-22T22:21:36.773199,547,Desktop
1953,708,34,View,2026-04-29T22:21:36.774408,479,Tablet
1954,708,68,Click,2026-05-07T22:21:36.776031,562,Mobile
1955,708,27,Bookmark,2026-04-22T22:21:36.777322,466,Tablet
1956,708,45,Click,2026-04-18T22:21:36.778258,6,Mobile
1957,44,20,Book,2026-04-17T22:21:36.779434,495,Desktop
1958,44,38,View,2026-05-08T22:21:36.780360,442,Mobile
1959,44,14,View,2026-04-27T22:21:36.781219,226,Tablet
1960,44,61,Share,2026-05-05T22:21:36.782076,140,Desktop
1961,44,8,View,2026-05-08T22:21:36.782933,550,Mobile
1962,44,18,Book,2026-05-01T22:21:36.783788,147,Mobile
1963,44,15,Book,2026-04-18T22:21:36.784640,283,Tablet
1964,44,65,View,2026-04-21T22:21:36.785547,587,Mobile
1965,44,32,Share,2026-04-25T22:21:36.786407,175,Mobile
1966,44,92,View,2026-04-13T22:21:36.787226,189,Desktop
1967,44,48,Bookmark,2026-05-10T22:21:36.788066,213,Desktop
1968,44,32,View,2026-05-04T22:21:36.788910,448,Mobile
1969,44,57,View,2026-05-03T22:21:36.789783,329,Mobile
1970,393,69,Share,2026-04-18T22:21:36.791048,321,Mobile
1971,393,7,Book,2026-05-03T22:21:36.792750,420,Mobile
1972,393,28,Click,2026-04-27T22:21:36.794070,58,Desktop
1973,393,36,Click,2026-05-12T22:21:36.795095,263,Tablet
1974,393,13,Book,2026-04-18T22:21:36.795999,165,Mobile
1975,393,10,View,2026-05-12T22:21:36.796858,361,Mobile
1976,393,2,Click,2026-04-16T22:21:36.797676,297,Desktop
1977,41,61,Click,2026-05-05T22:21:36.798593,541,Tablet
1978,41,38,Book,2026-04-22T22:21:36.799442,214,Tablet
1979,41,84,Click,2026-05-11T22:21:36.800289,560,Desktop
1980,41,52,Share,2026-05-04T22:21:36.801134,237,Desktop
1981,41,35,Bookmark,2026-05-09T22:21:36.801976,258,Mobile
1982,41,59,View,2026-04-20T22:21:36.802826,564,Tablet
1983,41,63,View,2026-05-01T22:21:36.803657,562,Tablet
1984,41,88,Book,2026-04-27T22:21:36.804496,480,Desktop
1985,41,17,Bookmark,2026-05-09T22:21:36.805335,402,Tablet
1986,41,25,Click,2026-05-06T22:21:36.806258,234,Tablet
1987,41,20,Share,2026-04-24T22:21:36.807187,72,Desktop
1988,254,7,View,2026-04-29T22:21:36.808218,303,Mobile
1989,254,14,View,2026-04-15T22:21:36.809032,505,Desktop
1990,254,4,View,2026-05-03T22:21:36.809931,580,Tablet
1991,254,37,Click,2026-04-15T22:21:36.810779,59,Mobile
1992,196,3,Share,2026-04-20T22:21:36.811658,445,Tablet
1993,196,48,Book,2026-04-14T22:21:36.812502,477,Tablet
1994,196,24,Bookmark,2026-05-08T22:21:36.813345,376,Mobile
1995,196,78,Share,2026-04-24T22:21:36.814183,376,Tablet
1996,196,87,Bookmark,2026-05-01T22:21:36.815024,350,Mobile
1997,196,64,View,2026-04-13T22:21:36.815852,331,Mobile
1998,196,65,View,2026-05-07T22:21:36.816651,8,Desktop
1999,196,8,Click,2026-04-23T22:21:36.817847,64,Mobile
2000,196,72,Share,2026-04-19T22:21:36.818756,68,Mobile
2001,196,67,Book,2026-04-28T22:21:36.819617,584,Tablet
2002,196,98,Share,2026-04-18T22:21:36.820468,458,Mobile
2003,810,18,Share,2026-04-21T22:21:36.821439,398,Mobile
2004,810,93,Share,2026-04-16T22:21:36.822289,471,Desktop
2005,810,7,Book,2026-05-10T22:21:36.823131,428,Tablet
2006,810,80,Share,2026-04-24T22:21:36.824228,292,Mobile
2007,810,42,Bookmark,2026-04-23T22:21:36.825427,338,Tablet
2008,810,42,Bookmark,2026-05-12T22:21:36.826484,83,Mobile
2009,810,78,Click,2026-04-18T22:21:36.827328,192,Mobile
2010,810,68,Share,2026-04-25T22:21:36.828127,159,Tablet
2011,810,19,Bookmark,2026-05-04T22:21:36.828958,299,Desktop
2012,877,56,Share,2026-04-27T22:21:36.829828,353,Tablet
2013,877,54,Share,2026-05-10T22:21:36.830673,335,Tablet
2014,877,87,Book,2026-04-23T22:21:36.831516,524,Tablet
2015,877,51,Click,2026-04-15T22:21:36.832338,576,Desktop
2016,877,14,Book,2026-04-28T22:21:36.833152,515,Desktop
2017,877,19,Share,2026-04-13T22:21:36.833973,338,Tablet
2018,877,46,Book,2026-04-30T22:21:36.834802,355,Desktop
2019,877,32,Bookmark,2026-05-03T22:21:36.835625,371,Mobile
2020,877,36,View,2026-04-17T22:21:36.836654,151,Desktop
2021,877,7,View,2026-04-29T22:21:36.837669,210,Mobile
2022,877,48,Click,2026-04-29T22:21:36.838583,8,Tablet
2023,759,75,Book,2026-04-27T22:21:36.839504,539,Desktop
2024,759,62,Bookmark,2026-05-04T22:21:36.840423,474,Tablet
2025,759,76,Bookmark,2026-04-17T22:21:36.841329,63,Desktop
2026,759,62,View,2026-04-23T22:21:36.842243,211,Tablet
2027,759,23,Share,2026-05-04T22:21:36.843391,15,Desktop
2028,159,3,View,2026-05-04T22:21:36.844386,298,Mobile
2029,159,65,Bookmark,2026-05-10T22:21:36.845276,464,Mobile
2030,159,48,Bookmark,2026-05-05T22:21:36.846156,257,Tablet
2031,159,9,Share,2026-04-13T22:21:36.847026,530,Tablet
2032,159,29,Click,2026-04-21T22:21:36.848247,147,Tablet
2033,159,73,Click,2026-04-26T22:21:36.849194,71,Mobile
2034,159,16,Book,2026-04-17T22:21:36.850093,469,Desktop
2035,159,62,View,2026-05-09T22:21:36.850961,448,Mobile
2036,159,86,Share,2026-05-04T22:21:36.851820,282,Mobile
2037,159,84,Bookmark,2026-05-09T22:21:36.852807,101,Desktop
2038,533,10,Share,2026-04-22T22:21:36.853687,437,Tablet
2039,533,9,Bookmark,2026-04-19T22:21:36.854610,100,Mobile
2040,533,50,Share,2026-04-24T22:21:36.855465,10,Mobile
2041,533,6,Click,2026-04-28T22:21:36.856319,479,Desktop
2042,533,28,Share,2026-04-27T22:21:36.857215,179,Mobile
2043,533,52,Click,2026-04-23T22:21:36.858104,576,Desktop
2044,226,94,Bookmark,2026-05-11T22:21:36.859119,182,Desktop
2045,226,56,Book,2026-05-08T22:21:36.860147,560,Desktop
2046,226,6,Share,2026-04-14T22:21:36.861019,491,Tablet
2047,226,16,Bookmark,2026-05-06T22:21:36.862006,389,Mobile
2048,226,51,View,2026-04-19T22:21:36.862671,566,Tablet
2049,226,54,Bookmark,2026-04-26T22:21:36.863621,128,Tablet
2050,226,86,View,2026-04-24T22:21:36.864563,288,Tablet
2051,226,64,Share,2026-04-26T22:21:36.865440,171,Mobile
2052,226,59,Share,2026-04-14T22:21:36.866328,269,Mobile
2053,226,23,Book,2026-05-06T22:21:36.867176,163,Tablet
2054,226,61,Bookmark,2026-05-05T22:21:36.868044,469,Desktop
2055,226,100,Click,2026-04-21T22:21:36.869110,231,Mobile
2056,226,28,Click,2026-05-07T22:21:36.870018,368,Tablet
2057,271,93,Click,2026-05-01T22:21:36.870886,587,Tablet
2058,271,33,Book,2026-05-06T22:21:36.871717,263,Mobile
2059,271,67,Bookmark,2026-04-19T22:21:36.872570,155,Mobile
2060,271,2,Share,2026-04-22T22:21:36.873420,146,Tablet
2061,271,62,Click,2026-05-02T22:21:36.874474,51,Desktop
2062,271,100,Share,2026-04-23T22:21:36.875347,276,Desktop
2063,271,45,Book,2026-04-13T22:21:36.876022,68,Desktop
2064,271,36,Book,2026-04-22T22:21:36.876827,554,Tablet
2065,271,19,Click,2026-04-16T22:21:36.877948,21,Tablet
2066,271,44,Book,2026-04-19T22:21:36.878883,567,Mobile
2067,271,83,Click,2026-04-26T22:21:36.879781,446,Desktop
2068,543,8,Book,2026-04-28T22:21:36.880685,104,Mobile
2069,543,45,View,2026-05-08T22:21:36.881529,485,Tablet
2070,543,86,Click,2026-04-18T22:21:36.882376,239,Desktop
2071,543,50,Book,2026-04-30T22:21:36.883283,376,Desktop
2072,543,48,Bookmark,2026-04-13T22:21:36.884171,571,Tablet
2073,543,46,Click,2026-04-15T22:21:36.885013,590,Mobile
2074,543,56,Click,2026-04-17T22:21:36.885834,61,Mobile
2075,790,71,View,2026-04-15T22:21:36.886715,365,Desktop
2076,790,26,View,2026-04-27T22:21:36.887563,247,Desktop
2077,790,4,Share,2026-04-19T22:21:36.888419,501,Mobile
2078,790,75,View,2026-05-06T22:21:36.889264,474,Mobile
2079,790,37,View,2026-05-07T22:21:36.890108,561,Tablet
2080,790,68,View,2026-04-15T22:21:36.891047,291,Mobile
2081,790,4,Book,2026-05-06T22:21:36.892041,599,Tablet
2082,790,46,Book,2026-04-27T22:21:36.892860,525,Desktop
2083,790,2,Bookmark,2026-04-27T22:21:36.893956,265,Desktop
2084,790,15,Bookmark,2026-05-04T22:21:36.894715,352,Tablet
2085,790,63,Share,2026-04-18T22:21:36.895679,45,Tablet
2086,790,21,Book,2026-04-18T22:21:36.896636,65,Tablet
2087,790,57,Bookmark,2026-04-24T22:21:36.897507,79,Mobile
2088,102,32,Book,2026-04-30T22:21:36.898438,21,Desktop
2089,102,55,Bookmark,2026-05-03T22:21:36.899759,63,Mobile
2090,102,75,Click,2026-04-19T22:21:36.900629,110,Tablet
2091,733,50,Bookmark,2026-04-13T22:21:36.901489,505,Tablet
2092,733,17,Click,2026-04-27T22:21:36.902323,354,Mobile
2093,733,14,View,2026-04-26T22:21:36.903166,396,Mobile
2094,733,34,Book,2026-05-12T22:21:36.904003,474,Desktop
2095,733,7,Click,2026-04-22T22:21:36.904836,260,Mobile
2096,733,71,Share,2026-04-16T22:21:36.905664,190,Mobile
2097,733,83,Book,2026-04-27T22:21:36.906466,257,Mobile
2098,81,51,Click,2026-05-01T22:21:36.907625,242,Desktop
2099,81,60,Click,2026-04-27T22:21:36.908609,386,Mobile
2100,81,100,Click,2026-05-02T22:21:36.909310,369,Desktop
2101,81,22,Share,2026-05-06T22:21:36.910283,16,Tablet
2102,81,1,Click,2026-05-12T22:21:36.911199,340,Tablet
2103,81,60,Share,2026-05-07T22:21:36.912114,502,Tablet
2104,81,80,View,2026-04-22T22:21:36.912984,415,Desktop
2105,81,21,View,2026-04-28T22:21:36.913898,308,Mobile
2106,81,39,Click,2026-05-06T22:21:36.914987,305,Desktop
2107,81,76,Book,2026-05-10T22:21:36.916076,175,Desktop
2108,81,18,Share,2026-05-07T22:21:36.916962,256,Desktop
2109,81,52,Bookmark,2026-04-28T22:21:36.917808,504,Tablet
2110,81,19,Bookmark,2026-04-28T22:21:36.918674,24,Desktop
2111,104,99,View,2026-04-24T22:21:36.919565,80,Mobile
2112,104,64,Bookmark,2026-04-14T22:21:36.920388,31,Tablet
2113,104,20,Share,2026-05-05T22:21:36.921224,87,Desktop
2114,104,79,View,2026-05-09T22:21:36.922060,372,Tablet
2115,622,65,Bookmark,2026-04-26T22:21:36.922987,374,Desktop
2116,622,84,Click,2026-04-18T22:21:36.923930,71,Tablet
2117,622,32,View,2026-05-05T22:21:36.924951,290,Tablet
2118,622,28,Book,2026-04-22T22:21:36.926003,155,Tablet
2119,622,57,View,2026-04-19T22:21:36.926830,389,Mobile
2120,622,50,Bookmark,2026-04-25T22:21:36.927678,469,Tablet
2121,622,37,Book,2026-05-06T22:21:36.929065,580,Desktop
2122,622,29,Click,2026-05-11T22:21:36.929893,576,Desktop
2123,622,54,Book,2026-04-22T22:21:36.930849,574,Mobile
2124,622,36,View,2026-04-17T22:21:36.931690,84,Mobile
2125,622,15,View,2026-04-13T22:21:36.932541,311,Mobile
2126,622,13,Click,2026-05-12T22:21:36.933370,208,Tablet
2127,885,5,Click,2026-04-24T22:21:36.934248,338,Mobile
2128,885,65,Book,2026-04-26T22:21:36.935094,102,Desktop
2129,885,78,Share,2026-04-20T22:21:36.935925,42,Mobile
2130,885,51,View,2026-04-28T22:21:36.936712,131,Tablet
2131,885,70,Book,2026-05-08T22:21:36.937536,440,Mobile
2132,885,85,Click,2026-04-16T22:21:36.938335,76,Tablet
2133,885,76,Click,2026-05-07T22:21:36.939170,94,Desktop
2134,963,82,Book,2026-04-23T22:21:36.940058,587,Tablet
2135,963,16,Click,2026-04-18T22:21:36.940983,430,Tablet
2136,963,14,Share,2026-04-14T22:21:36.942090,19,Tablet
2137,963,58,Book,2026-05-04T22:21:36.943159,178,Tablet
2138,963,7,Share,2026-04-29T22:21:36.944121,591,Tablet
2139,153,6,Bookmark,2026-05-07T22:21:36.945031,77,Desktop
2140,153,78,Bookmark,2026-04-13T22:21:36.945905,488,Desktop
2141,153,31,Book,2026-05-03T22:21:36.947152,202,Tablet
2142,153,82,Share,2026-04-29T22:21:36.948058,378,Tablet
2143,153,40,Share,2026-05-01T22:21:36.948933,347,Mobile
2144,153,58,Share,2026-04-23T22:21:36.949801,238,Tablet
2145,153,47,Book,2026-05-10T22:21:36.950680,6,Mobile
2146,153,72,View,2026-05-08T22:21:36.951537,290,Desktop
2147,153,97,Bookmark,2026-04-13T22:21:36.952382,335,Mobile
2148,153,35,View,2026-04-26T22:21:36.953234,542,Mobile
2149,153,14,Bookmark,2026-04-28T22:21:36.954070,132,Desktop
2150,153,46,Click,2026-05-05T22:21:36.954918,447,Tablet
2151,153,95,Click,2026-04-14T22:21:36.955760,136,Desktop
2152,153,92,View,2026-05-05T22:21:36.956573,548,Tablet
2153,245,10,Book,2026-05-09T22:21:36.957528,246,Mobile
2154,245,27,View,2026-05-06T22:21:36.958592,461,Tablet
2155,245,9,Bookmark,2026-05-09T22:21:36.959559,483,Tablet
2156,245,41,Share,2026-05-07T22:21:36.960428,367,Tablet
2157,245,22,Share,2026-04-19T22:21:36.961328,174,Mobile
2158,245,22,Click,2026-04-27T22:21:36.962194,248,Mobile
2159,245,37,Share,2026-04-19T22:21:36.963032,21,Mobile
2160,744,91,View,2026-04-13T22:21:36.963922,50,Desktop
2161,744,15,Book,2026-05-10T22:21:36.964760,529,Tablet
2162,744,65,Book,2026-04-28T22:21:36.965604,532,Desktop
2163,744,3,Book,2026-04-17T22:21:36.966443,205,Desktop
2164,744,55,Book,2026-04-22T22:21:36.967671,494,Mobile
2165,744,29,Click,2026-05-07T22:21:36.968623,512,Tablet
2166,744,100,Share,2026-05-01T22:21:36.969524,549,Mobile
2167,890,34,Book,2026-04-27T22:21:36.970422,144,Tablet
2168,890,52,Bookmark,2026-04-22T22:21:36.971311,574,Desktop
2169,890,64,Book,2026-05-07T22:21:36.972163,230,Mobile
2170,890,72,Book,2026-05-03T22:21:36.972988,572,Tablet
2171,325,66,Book,2026-04-20T22:21:36.974084,99,Desktop
2172,325,21,Share,2026-04-29T22:21:36.975353,17,Desktop
2173,325,81,Click,2026-04-22T22:21:36.976579,398,Desktop
2174,325,92,Book,2026-05-11T22:21:36.977851,63,Mobile
2175,325,6,Share,2026-04-14T22:21:36.978797,337,Desktop
2176,325,68,Book,2026-04-24T22:21:36.979674,179,Desktop
2177,325,32,Share,2026-04-14T22:21:36.980525,458,Mobile
2178,325,5,Bookmark,2026-05-11T22:21:36.981375,134,Mobile
2179,325,3,Bookmark,2026-05-08T22:21:36.982239,498,Desktop
2180,601,24,View,2026-05-10T22:21:36.983117,431,Tablet
2181,601,40,View,2026-04-29T22:21:36.983939,76,Desktop
2182,601,91,Click,2026-04-15T22:21:36.984775,443,Tablet
2183,601,84,Share,2026-04-24T22:21:36.985600,130,Tablet
2184,601,18,Book,2026-04-26T22:21:36.986448,544,Mobile
2185,601,28,View,2026-04-23T22:21:36.987315,145,Desktop
2186,601,29,Click,2026-04-20T22:21:36.988306,545,Desktop
2187,601,65,Click,2026-04-18T22:21:36.989146,219,Tablet
2188,601,58,Click,2026-05-01T22:21:36.989918,409,Desktop
2189,601,15,View,2026-05-10T22:21:36.990976,93,Tablet
2190,601,97,Bookmark,2026-04-19T22:21:36.992448,522,Tablet
2191,601,29,Click,2026-04-22T22:21:36.993762,282,Tablet
2192,601,85,View,2026-04-25T22:21:36.994764,176,Tablet
2193,748,50,Bookmark,2026-04-20T22:21:36.995709,321,Desktop
2194,748,76,Share,2026-05-01T22:21:36.996603,428,Tablet
2195,748,65,Book,2026-05-12T22:21:36.997475,417,Tablet
2196,748,45,Share,2026-04-28T22:21:36.998352,436,Mobile
2197,748,91,Book,2026-04-20T22:21:36.999228,83,Mobile
2198,748,60,Share,2026-05-02T22:21:37.000096,136,Mobile
2199,748,50,Share,2026-04-27T22:21:37.000940,423,Desktop
2200,748,58,Book,2026-04-30T22:21:37.001798,441,Tablet
2201,748,93,Share,2026-04-25T22:21:37.002645,225,Desktop
2202,748,22,Share,2026-05-04T22:21:37.003496,194,Mobile
2203,748,73,Share,2026-04-29T22:21:37.004422,96,Desktop
2204,748,49,Bookmark,2026-05-03T22:21:37.005275,101,Desktop
2205,748,58,Book,2026-05-03T22:21:37.006148,579,Tablet
2206,748,71,Book,2026-05-12T22:21:37.007053,497,Mobile
2207,792,13,Bookmark,2026-05-01T22:21:37.008164,310,Tablet
2208,792,31,Book,2026-05-08T22:21:37.009114,262,Desktop
2209,792,71,View,2026-05-10T22:21:37.009964,303,Mobile
2210,792,45,Share,2026-05-02T22:21:37.010826,227,Tablet
2211,792,97,Click,2026-04-23T22:21:37.011671,64,Desktop
2212,807,2,Click,2026-04-18T22:21:37.012559,438,Desktop
2213,807,39,Bookmark,2026-05-02T22:21:37.013408,195,Mobile
2214,807,68,View,2026-04-25T22:21:37.014270,558,Desktop
2215,807,22,Bookmark,2026-05-06T22:21:37.015119,381,Tablet
2216,807,71,Book,2026-04-15T22:21:37.015958,414,Mobile
2217,807,3,Bookmark,2026-04-26T22:21:37.016832,492,Desktop
2218,807,53,Share,2026-05-12T22:21:37.017689,468,Tablet
2219,847,56,View,2026-05-05T22:21:37.018577,229,Mobile
2220,847,33,View,2026-04-18T22:21:37.019431,459,Tablet
2221,847,7,Bookmark,2026-05-12T22:21:37.020277,557,Mobile
2222,847,29,Share,2026-05-06T22:21:37.021123,189,Mobile
2223,847,96,Book,2026-05-01T22:21:37.021988,582,Desktop
2224,847,9,Book,2026-05-12T22:21:37.022823,128,Desktop
2225,685,46,Share,2026-04-17T22:21:37.023755,394,Mobile
2226,685,40,Book,2026-04-17T22:21:37.024786,486,Desktop
2227,685,38,Click,2026-04-28T22:21:37.025689,504,Desktop
2228,685,75,Book,2026-04-18T22:21:37.026579,65,Desktop
2229,685,54,Bookmark,2026-04-18T22:21:37.027593,320,Desktop
2230,685,61,Book,2026-05-01T22:21:37.028837,143,Desktop
2231,685,47,Click,2026-04-15T22:21:37.029753,40,Mobile
2232,291,60,View,2026-05-12T22:21:37.030678,558,Mobile
2233,291,14,Click,2026-04-24T22:21:37.031543,239,Desktop
2234,291,40,View,2026-05-08T22:21:37.032403,121,Desktop
2235,291,45,Book,2026-04-19T22:21:37.033244,446,Tablet
2236,291,12,Click,2026-04-30T22:21:37.034096,530,Desktop
2237,291,16,Click,2026-04-14T22:21:37.034996,447,Tablet
2238,291,97,Click,2026-05-03T22:21:37.035849,143,Tablet
2239,291,16,View,2026-05-12T22:21:37.036686,128,Desktop
2240,291,98,Share,2026-04-24T22:21:37.037934,128,Desktop
2241,291,59,Share,2026-05-09T22:21:37.038869,21,Mobile
2242,729,72,Book,2026-05-07T22:21:37.040214,382,Tablet
2243,729,63,View,2026-04-20T22:21:37.041360,495,Mobile
2244,729,16,Share,2026-05-02T22:21:37.042330,434,Desktop
2245,729,53,Bookmark,2026-04-24T22:21:37.043083,67,Desktop
2246,729,62,Bookmark,2026-05-12T22:21:37.044066,262,Mobile
2247,729,16,Bookmark,2026-05-04T22:21:37.044965,201,Mobile
2248,729,10,Book,2026-05-11T22:21:37.045832,408,Tablet
2249,729,63,Share,2026-04-15T22:21:37.046686,332,Desktop
2250,729,35,Click,2026-05-04T22:21:37.047901,591,Mobile
2251,729,1,Bookmark,2026-05-10T22:21:37.048872,171,Mobile
2252,729,40,Share,2026-04-22T22:21:37.049767,497,Desktop
2253,729,51,View,2026-04-17T22:21:37.050671,56,Mobile
2254,729,6,Bookmark,2026-04-22T22:21:37.051529,579,Mobile
2255,729,74,Bookmark,2026-04-26T22:21:37.052383,289,Tablet
2256,167,8,Bookmark,2026-04-30T22:21:37.053305,295,Tablet
2257,167,22,Click,2026-05-07T22:21:37.054153,98,Tablet
2258,167,95,View,2026-05-04T22:21:37.055013,520,Desktop
2259,167,65,Click,2026-04-13T22:21:37.056187,583,Desktop
2260,167,73,View,2026-04-28T22:21:37.057224,455,Tablet
2261,167,53,Bookmark,2026-05-09T22:21:37.058407,328,Mobile
2262,167,96,Bookmark,2026-05-01T22:21:37.059710,123,Tablet
2263,167,70,Bookmark,2026-04-22T22:21:37.060625,420,Desktop
2264,167,23,Click,2026-05-08T22:21:37.061519,350,Desktop
2265,167,75,Click,2026-04-17T22:21:37.062366,124,Mobile
2266,167,43,Bookmark,2026-05-11T22:21:37.063202,97,Mobile
2267,167,63,Click,2026-05-11T22:21:37.064027,526,Tablet
2268,789,43,Book,2026-04-29T22:21:37.064981,248,Tablet
2269,789,98,Click,2026-05-12T22:21:37.065810,448,Mobile
2270,789,6,Book,2026-04-22T22:21:37.066648,318,Mobile
2271,789,97,Share,2026-04-19T22:21:37.067491,140,Mobile
2272,789,98,Click,2026-05-05T22:21:37.068324,90,Mobile
2273,789,77,View,2026-05-03T22:21:37.069144,448,Mobile
2274,789,20,Book,2026-04-17T22:21:37.070027,526,Tablet
2275,789,34,Click,2026-04-13T22:21:37.070852,425,Desktop
2276,789,32,Book,2026-04-17T22:21:37.071706,412,Mobile
2277,425,24,View,2026-05-09T22:21:37.072580,268,Desktop
2278,425,93,View,2026-04-16T22:21:37.073444,167,Desktop
2279,425,92,Bookmark,2026-05-08T22:21:37.074510,511,Tablet
2280,425,28,Bookmark,2026-05-05T22:21:37.075713,301,Desktop
2281,425,23,Click,2026-04-26T22:21:37.076825,359,Tablet
2282,425,67,Share,2026-04-14T22:21:37.077692,437,Desktop
2283,425,27,Click,2026-05-01T22:21:37.078570,105,Tablet
2284,425,54,View,2026-05-11T22:21:37.079425,162,Mobile
2285,425,23,View,2026-04-23T22:21:37.080268,443,Mobile
2286,425,56,Click,2026-05-03T22:21:37.081093,115,Mobile
2287,425,75,View,2026-05-02T22:21:37.081928,165,Desktop
2288,894,50,View,2026-05-03T22:21:37.082806,576,Mobile
2289,894,27,Share,2026-04-30T22:21:37.083641,312,Desktop
2290,894,62,Book,2026-05-01T22:21:37.084474,479,Mobile
2291,894,77,Share,2026-04-21T22:21:37.085305,147,Tablet
2292,894,7,View,2026-04-24T22:21:37.086118,523,Desktop
2293,894,34,Click,2026-05-06T22:21:37.086952,333,Mobile
2294,894,12,Click,2026-04-16T22:21:37.087990,410,Desktop
2295,680,18,Book,2026-05-06T22:21:37.088868,584,Mobile
2296,680,80,Share,2026-04-27T22:21:37.089719,88,Tablet
2297,680,52,Share,2026-05-12T22:21:37.090636,184,Desktop
2298,680,41,Click,2026-05-07T22:21:37.091650,43,Tablet
2299,680,48,View,2026-04-19T22:21:37.092629,45,Desktop
2300,680,78,Share,2026-04-18T22:21:37.093531,76,Mobile
2301,680,62,View,2026-05-09T22:21:37.094457,247,Tablet
2302,680,72,Click,2026-04-15T22:21:37.095290,157,Tablet
2303,680,89,View,2026-04-27T22:21:37.096112,500,Tablet
2304,680,39,View,2026-04-18T22:21:37.096982,39,Mobile
2305,680,18,Book,2026-04-28T22:21:37.097788,78,Tablet
2306,680,98,Click,2026-04-28T22:21:37.098629,283,Tablet
2307,680,20,Click,2026-04-14T22:21:37.099486,182,Mobile
2308,680,59,View,2026-04-27T22:21:37.100303,176,Tablet
2309,886,84,Book,2026-05-10T22:21:37.101168,301,Mobile
2310,886,55,Bookmark,2026-04-30T22:21:37.102003,43,Tablet
2311,886,89,Click,2026-05-10T22:21:37.103032,424,Mobile
2312,886,56,View,2026-05-10T22:21:37.104080,117,Tablet
2313,886,44,Bookmark,2026-05-03T22:21:37.104914,540,Desktop
2314,886,67,View,2026-05-04T22:21:37.105745,501,Desktop
2315,886,52,Book,2026-04-20T22:21:37.106528,42,Desktop
2316,886,69,Click,2026-04-21T22:21:37.107418,54,Mobile
2317,886,74,Click,2026-04-20T22:21:37.108427,110,Mobile
2318,886,50,Share,2026-04-15T22:21:37.109335,360,Desktop
2319,886,57,Click,2026-04-21T22:21:37.110206,122,Tablet
2320,886,1,Book,2026-04-26T22:21:37.111051,175,Desktop
2321,397,36,Click,2026-04-18T22:21:37.111920,414,Tablet
2322,397,13,Share,2026-04-25T22:21:37.112733,42,Desktop
2323,397,6,Share,2026-04-15T22:21:37.113558,349,Mobile
2324,397,59,Share,2026-05-04T22:21:37.114382,561,Mobile
2325,397,2,View,2026-05-04T22:21:37.115222,94,Tablet
2326,397,63,Share,2026-05-07T22:21:37.116048,61,Tablet
2327,397,18,Bookmark,2026-05-01T22:21:37.116891,184,Mobile
2328,397,30,Share,2026-05-08T22:21:37.117698,579,Mobile
2329,397,34,Share,2026-05-09T22:21:37.119015,358,Desktop
2330,397,14,Book,2026-04-26T22:21:37.119915,446,Mobile
2331,397,50,Bookmark,2026-04-22T22:21:37.120767,212,Tablet
2332,534,26,Click,2026-05-04T22:21:37.121683,118,Desktop
2333,534,41,View,2026-04-25T22:21:37.122522,29,Desktop
2334,534,87,Book,2026-05-02T22:21:37.123380,76,Desktop
2335,534,56,View,2026-05-04T22:21:37.124289,330,Mobile
2336,534,97,Book,2026-05-06T22:21:37.125238,74,Mobile
2337,534,37,Book,2026-04-17T22:21:37.126081,211,Desktop
2338,534,30,Bookmark,2026-05-05T22:21:37.126925,268,Mobile
2339,534,10,Click,2026-04-20T22:21:37.128166,557,Desktop
2340,29,63,Bookmark,2026-04-19T22:21:37.129191,414,Desktop
2341,29,72,Share,2026-05-08T22:21:37.130080,367,Desktop
2342,29,62,Click,2026-05-12T22:21:37.130956,513,Desktop
2343,29,31,Click,2026-04-18T22:21:37.131814,241,Mobile
2344,29,65,Share,2026-05-09T22:21:37.132667,412,Tablet
2345,29,82,Click,2026-04-28T22:21:37.133587,438,Tablet
2346,29,17,Book,2026-05-08T22:21:37.134471,527,Desktop
2347,29,81,View,2026-04-25T22:21:37.135309,381,Tablet
2348,29,18,Bookmark,2026-04-18T22:21:37.136155,49,Tablet
2349,219,82,Book,2026-05-09T22:21:37.137054,539,Tablet
2350,219,86,Book,2026-04-19T22:21:37.138298,527,Tablet
2351,219,42,Bookmark,2026-05-10T22:21:37.139202,18,Desktop
2352,219,19,Share,2026-04-15T22:21:37.140117,296,Tablet
2353,219,26,View,2026-05-11T22:21:37.141242,74,Desktop
2354,219,45,Share,2026-05-12T22:21:37.142499,512,Mobile
2355,219,40,Click,2026-04-29T22:21:37.143445,252,Tablet
2356,219,24,View,2026-04-13T22:21:37.144296,249,Tablet
2357,511,32,Click,2026-04-26T22:21:37.145202,433,Tablet
2358,511,77,Click,2026-05-04T22:21:37.146081,270,Mobile
2359,511,59,Click,2026-04-18T22:21:37.146956,489,Mobile
2360,511,86,Click,2026-04-17T22:21:37.147817,113,Mobile
2361,511,50,View,2026-05-09T22:21:37.149019,9,Mobile
2362,511,5,Share,2026-05-12T22:21:37.150190,131,Tablet
2363,511,100,View,2026-04-14T22:21:37.151117,183,Desktop
2364,511,32,View,2026-04-24T22:21:37.151988,399,Tablet
2365,511,4,View,2026-04-18T22:21:37.152855,149,Tablet
2366,511,8,Click,2026-04-30T22:21:37.153698,133,Desktop
2367,511,10,Bookmark,2026-04-22T22:21:37.154577,415,Mobile
2368,511,63,Bookmark,2026-04-29T22:21:37.155411,97,Desktop
2369,511,98,Click,2026-05-08T22:21:37.156229,425,Tablet
2370,515,76,Bookmark,2026-04-17T22:21:37.157408,456,Tablet
2371,515,75,Click,2026-04-25T22:21:37.158478,295,Desktop
2372,515,70,Click,2026-05-12T22:21:37.159467,388,Desktop
2373,515,84,Click,2026-04-23T22:21:37.160301,47,Desktop
2374,515,27,Book,2026-05-06T22:21:37.161139,410,Desktop
2375,515,43,Book,2026-04-23T22:21:37.161965,484,Desktop
2376,515,14,Share,2026-05-01T22:21:37.162794,357,Tablet
2377,515,6,Bookmark,2026-04-30T22:21:37.163624,585,Desktop
2378,515,59,View,2026-04-26T22:21:37.164445,231,Tablet
2379,515,61,Share,2026-05-05T22:21:37.165285,398,Desktop
2380,515,94,View,2026-05-01T22:21:37.166220,9,Desktop
2381,515,36,Share,2026-04-26T22:21:37.167042,163,Desktop
2382,515,13,Bookmark,2026-05-02T22:21:37.167880,15,Mobile
2383,572,68,Click,2026-05-03T22:21:37.168814,112,Desktop
2384,572,55,Click,2026-04-13T22:21:37.169633,243,Tablet
2385,572,87,Click,2026-05-10T22:21:37.170452,327,Mobile
2386,572,17,Click,2026-04-16T22:21:37.171273,202,Mobile
2387,572,11,View,2026-04-15T22:21:37.172097,186,Tablet
2388,572,58,Book,2026-05-05T22:21:37.172907,504,Desktop
2389,572,83,Click,2026-05-02T22:21:37.173835,246,Mobile
2390,572,60,Bookmark,2026-04-29T22:21:37.175217,44,Tablet
2391,638,21,Book,2026-05-10T22:21:37.176357,454,Tablet
2392,638,24,Click,2026-04-19T22:21:37.177245,537,Mobile
2393,638,4,Book,2026-05-02T22:21:37.178148,435,Tablet
2394,638,60,Book,2026-05-11T22:21:37.178993,183,Tablet
2395,638,58,Click,2026-04-17T22:21:37.179845,515,Tablet
2396,638,90,Book,2026-05-11T22:21:37.180720,423,Desktop
2397,638,64,Share,2026-04-17T22:21:37.181679,81,Tablet
2398,638,87,Click,2026-04-27T22:21:37.182552,163,Mobile
2399,638,45,Click,2026-04-25T22:21:37.183415,373,Tablet
2400,638,87,View,2026-05-05T22:21:37.184304,76,Tablet
2401,638,49,Click,2026-05-12T22:21:37.185144,14,Desktop
2402,638,24,Click,2026-05-06T22:21:37.185961,22,Mobile
2403,731,36,Click,2026-04-14T22:21:37.186845,538,Tablet
2404,731,41,View,2026-04-21T22:21:37.187706,56,Tablet
2405,731,85,Click,2026-05-02T22:21:37.188545,419,Tablet
2406,731,74,View,2026-05-07T22:21:37.189378,203,Mobile
2407,731,6,Bookmark,2026-04-16T22:21:37.190355,125,Mobile
2408,731,26,Share,2026-05-08T22:21:37.191421,288,Desktop
2409,731,32,Book,2026-04-14T22:21:37.192233,286,Mobile
2410,731,56,Share,2026-04-14T22:21:37.193039,34,Mobile
2411,731,5,Click,2026-04-15T22:21:37.193863,450,Tablet
2412,731,10,Click,2026-05-03T22:21:37.194713,60,Mobile
2413,58,74,Bookmark,2026-05-07T22:21:37.195593,269,Desktop
2414,58,56,Click,2026-05-05T22:21:37.196444,583,Mobile
2415,58,83,Bookmark,2026-04-29T22:21:37.197374,138,Mobile
2416,58,19,Click,2026-05-01T22:21:37.198610,147,Mobile
2417,58,38,Book,2026-05-01T22:21:37.199557,567,Tablet
2418,58,87,Share,2026-05-03T22:21:37.200455,246,Desktop
2419,58,32,Share,2026-04-19T22:21:37.201311,136,Tablet
2420,58,3,View,2026-04-27T22:21:37.202156,269,Tablet
2421,58,87,View,2026-04-17T22:21:37.202992,534,Tablet
2422,58,2,View,2026-04-27T22:21:37.203831,468,Tablet
2423,58,88,Share,2026-05-02T22:21:37.204663,542,Tablet
2424,58,6,Click,2026-04-14T22:21:37.205493,559,Desktop
2425,323,9,Bookmark,2026-05-06T22:21:37.206372,378,Tablet
2426,323,61,View,2026-05-11T22:21:37.207608,384,Desktop
2427,323,81,View,2026-04-17T22:21:37.209035,106,Mobile
2428,410,68,Share,2026-05-10T22:21:37.210072,392,Mobile
2429,410,41,Bookmark,2026-04-22T22:21:37.210961,153,Mobile
2430,410,58,Share,2026-05-06T22:21:37.211846,457,Desktop
2431,410,67,Book,2026-04-20T22:21:37.212718,590,Mobile
2432,410,23,Share,2026-04-30T22:21:37.213659,229,Mobile
2433,410,98,Book,2026-04-18T22:21:37.214580,140,Mobile
2434,410,41,Book,2026-04-25T22:21:37.215441,566,Mobile
2435,410,34,Share,2026-04-25T22:21:37.216303,597,Mobile
2436,410,75,Click,2026-04-20T22:21:37.217214,352,Tablet
2437,410,51,Book,2026-04-26T22:21:37.218153,498,Desktop
2438,410,3,Click,2026-04-16T22:21:37.219062,546,Tablet
2439,410,55,Click,2026-04-16T22:21:37.219907,416,Mobile
2440,627,30,Book,2026-04-24T22:21:37.220795,573,Mobile
2441,627,42,Bookmark,2026-04-26T22:21:37.221646,534,Desktop
2442,627,27,Share,2026-04-21T22:21:37.222493,58,Mobile
2443,627,24,View,2026-05-11T22:21:37.223484,220,Tablet
2444,627,36,Share,2026-04-23T22:21:37.224453,558,Mobile
2445,627,74,View,2026-04-20T22:21:37.225575,541,Mobile
2446,627,47,Click,2026-04-17T22:21:37.226582,393,Tablet
2447,627,31,Click,2026-04-17T22:21:37.227549,459,Mobile
2448,627,46,View,2026-04-23T22:21:37.228436,216,Tablet
2449,627,86,Book,2026-05-01T22:21:37.229415,513,Mobile
2450,627,9,Book,2026-04-16T22:21:37.230296,364,Tablet
2451,673,44,Book,2026-04-24T22:21:37.231200,334,Desktop
2452,673,60,Bookmark,2026-05-09T22:21:37.232047,241,Tablet
2453,673,9,Click,2026-04-30T22:21:37.232916,381,Desktop
2454,673,54,View,2026-05-05T22:21:37.233727,193,Mobile
2455,673,31,Book,2026-04-26T22:21:37.234578,205,Tablet
2456,673,87,Share,2026-04-20T22:21:37.235425,302,Mobile
2457,673,27,Click,2026-05-08T22:21:37.236304,486,Mobile
2458,673,34,Click,2026-04-16T22:21:37.237156,371,Mobile
2459,673,3,Click,2026-05-06T22:21:37.238036,32,Mobile
2460,673,11,Book,2026-04-21T22:21:37.238882,384,Tablet
2461,274,11,Bookmark,2026-04-28T22:21:37.239809,73,Desktop
2462,274,57,Bookmark,2026-04-15T22:21:37.240700,423,Desktop
2463,274,11,Bookmark,2026-04-19T22:21:37.241692,345,Desktop
2464,274,49,Bookmark,2026-04-14T22:21:37.242677,92,Mobile
2465,274,96,Click,2026-04-23T22:21:37.243599,216,Desktop
2466,911,23,Share,2026-04-20T22:21:37.244805,145,Desktop
2467,911,7,Book,2026-05-01T22:21:37.245663,30,Tablet
2468,911,69,Click,2026-04-30T22:21:37.246522,472,Tablet
2469,911,11,Click,2026-05-07T22:21:37.247379,14,Mobile
2470,911,19,Share,2026-04-24T22:21:37.248221,263,Mobile
2471,911,14,Click,2026-05-07T22:21:37.249051,291,Tablet
2472,911,48,View,2026-04-22T22:21:37.249868,128,Desktop
2473,901,2,Click,2026-05-09T22:21:37.250740,484,Desktop
2474,901,30,Share,2026-04-14T22:21:37.251561,81,Tablet
2475,901,36,Click,2026-05-03T22:21:37.252390,393,Mobile
2476,901,100,Share,2026-04-17T22:21:37.253222,114,Tablet
2477,901,2,Click,2026-04-15T22:21:37.254052,68,Tablet
2478,901,72,Share,2026-04-26T22:21:37.254862,354,Tablet
2479,901,79,Share,2026-04-17T22:21:37.255690,558,Desktop
2480,901,10,Share,2026-05-04T22:21:37.256541,595,Mobile
2481,901,82,Share,2026-05-12T22:21:37.259180,140,Tablet
2482,901,64,Bookmark,2026-04-21T22:21:37.260596,356,Mobile
2483,901,58,View,2026-04-22T22:21:37.261559,109,Tablet
2484,901,63,Book,2026-04-23T22:21:37.262455,112,Mobile
2485,313,22,Bookmark,2026-05-02T22:21:37.263374,446,Desktop
2486,313,70,View,2026-04-29T22:21:37.264238,48,Mobile
2487,313,5,Bookmark,2026-04-17T22:21:37.265091,500,Mobile
2488,90,93,Share,2026-04-23T22:21:37.265980,27,Tablet
2489,90,46,Click,2026-05-09T22:21:37.266838,448,Desktop
2490,90,25,Share,2026-04-29T22:21:37.268079,401,Desktop
2491,90,19,Share,2026-04-27T22:21:37.268962,52,Mobile
2492,90,79,Book,2026-05-07T22:21:37.269858,383,Mobile
2493,90,81,Bookmark,2026-04-16T22:21:37.270697,438,Desktop
2494,90,73,Share,2026-05-10T22:21:37.271531,271,Tablet
2495,90,30,Book,2026-05-09T22:21:37.272365,240,Tablet
2496,90,98,Share,2026-04-19T22:21:37.273207,40,Desktop
2497,90,28,Click,2026-05-02T22:21:37.274281,521,Mobile
2498,90,100,View,2026-05-06T22:21:37.275609,482,Mobile
2499,396,61,Book,2026-05-03T22:21:37.276972,363,Desktop
2500,396,92,Click,2026-05-11T22:21:37.277978,69,Mobile
2501,396,87,Click,2026-05-09T22:21:37.278921,461,Desktop
2502,396,94,Share,2026-05-09T22:21:37.279793,198,Mobile
2503,396,11,Share,2026-04-19T22:21:37.280652,168,Tablet
2504,396,31,Book,2026-04-26T22:21:37.281514,258,Desktop
2505,396,72,View,2026-04-15T22:21:37.282373,375,Tablet
2506,396,39,View,2026-05-12T22:21:37.283224,430,Mobile
2507,396,86,Book,2026-05-01T22:21:37.284073,256,Mobile
2508,396,3,Book,2026-04-24T22:21:37.284923,424,Tablet
2509,396,75,Click,2026-05-11T22:21:37.285765,33,Mobile
2510,396,29,Share,2026-05-09T22:21:37.286607,324,Desktop
2511,396,83,Click,2026-05-02T22:21:37.287380,193,Desktop
2512,429,53,View,2026-04-16T22:21:37.288273,395,Mobile
2513,429,58,View,2026-04-27T22:21:37.289176,264,Desktop
2514,429,8,View,2026-04-22T22:21:37.290046,119,Desktop
2515,429,90,Book,2026-04-27T22:21:37.291410,389,Mobile
2516,429,34,Book,2026-04-16T22:21:37.292430,561,Tablet
2517,429,94,Share,2026-04-18T22:21:37.293526,70,Tablet
2518,429,78,Bookmark,2026-05-10T22:21:37.294467,31,Desktop
2519,429,28,View,2026-04-24T22:21:37.295341,112,Tablet
2520,37,75,View,2026-04-13T22:21:37.296240,305,Desktop
2521,37,14,Bookmark,2026-05-08T22:21:37.297098,107,Mobile
2522,37,36,Bookmark,2026-05-02T22:21:37.297954,97,Mobile
2523,37,78,Book,2026-04-20T22:21:37.298786,511,Mobile
2524,37,55,Bookmark,2026-04-15T22:21:37.299617,515,Mobile
2525,37,72,View,2026-04-14T22:21:37.300438,285,Tablet
2526,37,86,View,2026-05-02T22:21:37.301269,422,Tablet
2527,37,22,Bookmark,2026-04-25T22:21:37.302095,108,Tablet
2528,37,72,View,2026-04-18T22:21:37.302929,582,Desktop
2529,80,41,Bookmark,2026-04-22T22:21:37.303864,83,Desktop
2530,80,47,Bookmark,2026-04-23T22:21:37.304692,112,Tablet
2531,80,15,Share,2026-05-07T22:21:37.305508,391,Desktop
2532,80,87,Click,2026-05-10T22:21:37.306419,249,Mobile
2533,80,44,Click,2026-05-06T22:21:37.307374,75,Mobile
2534,80,36,Share,2026-05-01T22:21:37.308612,212,Mobile
2535,80,82,Share,2026-05-02T22:21:37.309600,532,Tablet
2536,809,6,Book,2026-04-17T22:21:37.310594,149,Desktop
2537,809,59,Share,2026-05-09T22:21:37.311426,194,Mobile
2538,809,2,Book,2026-04-13T22:21:37.312248,488,Mobile
2539,809,85,Click,2026-04-28T22:21:37.313079,448,Mobile
2540,809,98,View,2026-04-25T22:21:37.313904,155,Tablet
2541,809,96,Bookmark,2026-04-21T22:21:37.314724,572,Desktop
2542,809,72,Bookmark,2026-05-07T22:21:37.315539,262,Desktop
2543,809,98,Book,2026-05-05T22:21:37.316360,46,Mobile
2544,407,43,Share,2026-04-16T22:21:37.317218,316,Tablet
2545,407,59,Bookmark,2026-05-05T22:21:37.318057,592,Desktop
2546,407,32,Book,2026-04-30T22:21:37.318891,127,Tablet
2547,407,27,Bookmark,2026-04-18T22:21:37.319757,510,Mobile
2548,407,20,View,2026-05-04T22:21:37.320564,517,Desktop
2549,407,76,Share,2026-05-06T22:21:37.321384,14,Desktop
2550,407,89,Book,2026-05-06T22:21:37.322271,19,Tablet
2551,896,58,Book,2026-04-29T22:21:37.323135,278,Desktop
2552,896,3,Book,2026-04-21T22:21:37.324275,59,Desktop
2553,896,64,View,2026-04-29T22:21:37.325388,377,Tablet
2554,896,85,View,2026-05-10T22:21:37.326519,250,Desktop
2555,896,97,Click,2026-05-03T22:21:37.327731,507,Mobile
2556,896,58,Book,2026-05-12T22:21:37.328636,432,Tablet
2557,896,62,Bookmark,2026-04-16T22:21:37.329500,501,Tablet
2558,896,22,Bookmark,2026-05-09T22:21:37.330365,521,Mobile
2559,896,25,View,2026-04-25T22:21:37.331222,288,Tablet
2560,93,60,Bookmark,2026-04-20T22:21:37.332117,12,Mobile
2561,93,86,Book,2026-05-07T22:21:37.332968,270,Tablet
2562,93,13,Share,2026-04-30T22:21:37.333884,20,Desktop
2563,93,91,Book,2026-04-14T22:21:37.334731,197,Desktop
2564,93,24,Book,2026-04-13T22:21:37.335624,30,Desktop
2565,93,20,Book,2026-04-15T22:21:37.336455,247,Desktop
2566,93,43,View,2026-05-04T22:21:37.337319,276,Mobile
2567,246,41,View,2026-04-30T22:21:37.338372,46,Desktop
2568,246,52,Share,2026-04-27T22:21:37.339227,155,Mobile
2569,246,77,View,2026-04-25T22:21:37.340226,348,Desktop
2570,101,98,Share,2026-04-29T22:21:37.341204,32,Mobile
2571,101,82,Click,2026-04-23T22:21:37.342644,484,Tablet
2572,101,13,Bookmark,2026-05-04T22:21:37.343676,50,Tablet
2573,101,58,View,2026-04-19T22:21:37.344522,105,Mobile
2574,101,89,Bookmark,2026-04-15T22:21:37.345367,103,Tablet
2575,101,72,Book,2026-04-22T22:21:37.346214,498,Tablet
2576,101,24,Bookmark,2026-04-21T22:21:37.347093,274,Desktop
2577,101,98,Share,2026-04-22T22:21:37.347906,62,Mobile
2578,101,19,Click,2026-04-22T22:21:37.348762,89,Desktop
2579,642,67,Bookmark,2026-04-22T22:21:37.349649,445,Desktop
2580,642,98,View,2026-05-10T22:21:37.350483,347,Desktop
2581,642,17,View,2026-04-19T22:21:37.351328,461,Tablet
2582,642,22,Bookmark,2026-05-07T22:21:37.352222,347,Mobile
2583,642,51,Book,2026-05-08T22:21:37.353112,229,Tablet
2584,642,57,Bookmark,2026-05-11T22:21:37.354240,299,Tablet
2585,642,60,Click,2026-05-05T22:21:37.355101,262,Desktop
