UserID,PasswordHash,Email,Phone,AgeGroup,Nationality,PreviousTrips,TotalSpent,PreferredLanguage,ProfileCompleteness
1,41ca9b6b3bff1e6c4cac2268534ad9e495a13c7084b28f7257c39ead9a48ac10,faisal1@example.com,0317955229,46-55,Pakistani,2,350687,English,79
2,34e96d3d650a30c85eb10ab4b2a2475657e6393ab334f830e9af4f21d6314440,sana2@example.com,0325239667,55+,Indian,14,268669,Mandarin,74
3,04be111ab6679bc7cf8b29fa4ee2cd0db61ea5e44822b183c8057c56fa6cf9fa,usman3@example.com,0346832178,26-35,British,14,418756,Mandarin,87
4,e509bfc4d82e0eff6eceb30ff22a12c15d39e57e581de3b249bf4817a6c9176a,noor4@example.com,0386807487,18-25,Chinese,6,369701,Urdu,67
5,9cba6af8891a737477b8d1b42b25fe3cf03ef5924b314d6cdb7313f9b37a7bb3,tariq5@example.com,0353547632,18-25,Chinese,9,93384,Arabic,97
6,3f18bc01d174b6ca8c746f547723de7bc14f19b2476e066a425c1523294e9085,tariq6@example.com,0392620796,26-35,Turkish,19,278011,Urdu,83
7,6fa2721b8d92a0deb7b72d711007e49cc0993f8181928f741fd26d437a7e3616,hamza7@example.com,0339361667,18-25,American,10,346373,English,53
8,31ab9ea790131bc54a7afb89e37e3d5c25e0c4fc45f696fcaee5454f8df59205,hassan8@example.com,0356016582,26-35,Pakistani,2,107799,Urdu,73
9,a1d60e31f91a597027ceabc7f8062c0456be0ef574d4e2c3f1609a7defd8a9cb,fatima9@example.com,0371065507,26-35,American,10,244778,Mandarin,63
10,58711d045badf3aa4cc069f5344c3b3922e1b55c1fd1bd45b28652951f384cae,zain10@example.com,0378015259,46-55,Indian,15,21618,Arabic,80
11,e4af6f861f669a9f00ceadf2847b03f9487dbcaac6c0e39d1d459806b091895c,sara11@example.com,0318288515,55+,Pakistani,6,146109,English,97
12,d1596b0da8ae279e30b4fa381964e71a11a4d3f267afd58fb6e2c90e4e4097c1,tariq12@example.com,0320698216,46-55,Turkish,10,129873,Mandarin,61
13,5d722a7a86695ed84db82da89aaf12bcc82f0fb0503dcb4c45c4bb9f079b027d,ali13@example.com,0379376221,46-55,Chinese,6,114700,Urdu,75
14,5f14e0b02893efd156df574c31f97b524c4740ed9d6a5c9d17f2579c5fc7e27e,omar14@example.com,0319407062,26-35,Indian,5,96597,Mandarin,57
15,d66f4fb5f04b2c76818480b8c27258061c9e9d5449352783c82fbf92a8576e19,rabia15@example.com,0397764631,36-45,Indian,17,348526,English,86
16,660001d3750fb439bf2a4f61901bb75af3298e3b469f16b609e5b4f0e3d04d78,rabia16@example.com,0355069853,18-25,Chinese,0,409305,Urdu,61
17,91745a96bfe047bfea854137a0db382a9678285a10b45055f1ab1b0d0d21333f,sara17@example.com,0365975541,36-45,Saudi,8,420869,Urdu,61
18,a3ec67abcd776e9853e9805ffc627e832a3d3d093cfd7015d866e8b85576f4f8,hamza18@example.com,0318103670,55+,Pakistani,10,437709,Urdu,64
19,9951e0a6a59ade340778bdf034cc5be209af7e7db4b42cd90b433db8cc193c0e,zain19@example.com,0381414529,46-55,Saudi,11,100385,Arabic,56
20,0f104023db44fc6624b79aff87cb17f1cfc1fb2b3483f0d29baf6b4cec4c110a,ayesha20@example.com,0345284715,55+,Chinese,0,204923,Arabic,80
21,96dd9f01dc6eac85d6286d006dc6c9f7249575c190c4e0a957756e5ca343c388,hina21@example.com,0344306425,36-45,American,17,299987,Urdu,83
22,85b706df0fab03146d135a8fb89d201e0474ac18aaab41bc165667f9b0f70426,ahmed22@example.com,0389600220,26-35,American,5,232633,Urdu,70
23,a0f9f47f9fb88df7ff769178762887d2dc1ff5396372fea31d43f0f846d0612a,zara23@example.com,0343891894,36-45,Saudi,13,343478,Mandarin,81
24,68a0c32e7f9b100a43d20d6809aa069a41badfa0f5c6b41f7291a3f7fdbbdc52,zain24@example.com,0317463131,36-45,Saudi,16,329752,English,94
25,d58f2fe8e247189a1fa97478a14488bf34166fe2e5d311ede81ee6aa0b6f13d5,rabia25@example.com,0340535317,55+,Saudi,4,97593,Urdu,81
26,8c71ae7770db1d11ee3d5aaa23a3369404accb45aeeb88bde0509d479b1fec4c,hassan26@example.com,0344456905,36-45,Saudi,14,378582,Urdu,96
27,cbce2d7f3dc26a480a45e6db638609602211cbbcba12694550e0c429855cd7d9,amna27@example.com,0387141378,36-45,Chinese,14,476978,English,61
28,9876815f98e8a2631cd59bf0bd0f11667a77472ae2c20d94336bfdd22bb53016,zain28@example.com,0357484197,55+,Indian,18,95058,Mandarin,57
29,e5b9694b211e4c840a115e42496fb1cef7f67fcc61ef278b5ccc40a4bbe45a39,hassan29@example.com,0338616825,46-55,Saudi,3,52674,Urdu,52
30,0c7a17c8c52d059c99e46634ffd3c14a5986aed55f95be28435747027fc3111c,fatima30@example.com,0347175852,55+,British,15,266008,Mandarin,63
31,616655d4293bf6b915ac2d7037277e6a8973e02ff1900c4f9424f082d381bdd2,hassan31@example.com,0395000180,18-25,Saudi,14,445014,English,83
32,fef752debc8662aa3b498b46a123ed2f56d8d74bfb403d8e9c388d6f54fd80b4,maryam32@example.com,0353036055,18-25,Indian,11,237328,English,92
33,6bd7e971f68ebb516e0e085460c71adec19ca1d150b3ffc20b1d266e280fc2b4,sana33@example.com,0382062663,18-25,Pakistani,17,384795,Urdu,66
34,b003c7d307dea19fe4c96e96df604447f67b30639677510da57d6654d08a565c,hassan34@example.com,0375431227,26-35,Turkish,15,79453,Urdu,85
35,845b217a3d7d6c35ba960439c94db51a4ec62b5812de589dbe037280bba95739,sara35@example.com,0371803384,36-45,Turkish,14,123604,Arabic,74
36,8f5192d4b4a311bacf23698e23f2c73715b8af90119ab06994077c1b7cfad652,sana36@example.com,0385404817,55+,British,13,60971,English,77
37,1a43f0f6647d818711fea20aa86a7572754aaa9e0a5148423cb24db73bfbd312,ayesha37@example.com,0382239282,36-45,Saudi,8,172023,Mandarin,69
38,75d0653067c5c836d126f739ce06cbd9da57e44b7cb16df8ca489f5c021a0b20,usman38@example.com,0383525979,18-25,American,13,72712,English,97
39,b3ef82543584eb402529f1fee67f780df8de727e1213cf31d3e611f6a6f980ee,bilal39@example.com,0392551106,26-35,Turkish,15,114215,Mandarin,88
40,72a21b1500271486c3821e32c0dd2c8bdf1a8817b291cc87595159137ad2231c,hina40@example.com,0387941341,55+,Indian,4,189736,Mandarin,67
41,bedb4117a01031764273bf321a04d48049034c63e4d4aa9334e359eff64889e0,zara41@example.com,0379853550,26-35,Chinese,9,241414,Urdu,99
42,1e7c5afed80e7537969cf1913f368611fbff2cd5dfce5bab1dd8b462f320b221,ayesha42@example.com,0393693742,46-55,Saudi,12,367489,Arabic,60
43,8d85eebb2fa9c3f2804e540e9ffaac47578a562fd889ee326e14546c28462418,omar43@example.com,0310021650,36-45,Saudi,13,301853,English,94
44,2798aa222d7b6689501450b241beafe4b53fb6d256b7c39430565128ac5970c7,maryam44@example.com,0335372075,18-25,Pakistani,18,262842,Arabic,71
45,045faeb085cebeb1e35dc5922b3e797a0e3029d3dd2bd45f636232ad6c3e257b,faisal45@example.com,0381622071,36-45,Chinese,11,161990,Mandarin,77
46,9bcd1b6951ecbda042a8c9ea8e0a3ffb627ce5755822c291fe448355ee6edf53,zain46@example.com,0365027643,36-45,Pakistani,18,154923,Arabic,98
47,9c2c021eaa0b2d5046957201d6237384516a2392c38ad919259e9847d0097048,amna47@example.com,0394597796,26-35,British,1,239502,Arabic,89
48,ad8a0f8fab8233794c3521e39e7d128c5407bdcd7ff1ac449ea9fe67d51bb2a2,noor48@example.com,0384467919,55+,Turkish,15,491819,Mandarin,84
49,05c49d18c1a26ccd7a0f58b8ffdc5b57542abfafb4b97c73bcb14013157f314a,hamza49@example.com,0344401837,46-55,Saudi,7,38756,Urdu,90
50,a70d55a94defb9330c5eae9cd8d4b1e117abe279ae79cbc86e4eb3ba8a0934d1,zara50@example.com,0399401408,36-45,Saudi,10,190074,Arabic,81
51,d9d8cedcc864d3846280bfc9c408d42a9b153b2eb93af1e16781058c19272440,noor51@example.com,0370392605,55+,British,17,147046,Arabic,82
52,f9d7d4ce846e054ce8686ba9a0c9e16913bdb9041611557185b1dc96bb25bcce,omar52@example.com,0322841272,36-45,Indian,11,113889,Mandarin,96
53,ea99798fb1d60ed0befcf8ec54f65019a482e4b2cea6c148a8689420ead92ac4,zara53@example.com,0329501490,26-35,Saudi,17,449727,Mandarin,76
54,0b2325fda5bf8a56c47bf75f942cd602b75dff935b32d1301cda8fcc7af84e17,sana54@example.com,0357942277,36-45,Pakistani,12,222792,Arabic,70
55,8758f403216ebcfcc09bdfe392ad1b70ad171052d21afa5d649c9de97b1ff5e6,bilal55@example.com,0379901401,55+,Indian,16,24678,Mandarin,86
56,d6eb843c28da3e6b9b686e8b3dc8507098823bf3eb6e4429beeeec2496351fc6,faisal56@example.com,0334522485,55+,American,16,214827,Urdu,51
57,156e8d0f470ccc1d206da4df7d9cb694d0ed337a845c43d88391182e42a00959,sara57@example.com,0339783576,26-35,Chinese,8,110485,Arabic,87
58,f93f8b0f51f2893e04e949267bee72330f5f7f3ba2d81a2596ce530fb05fd831,faisal58@example.com,0336584138,26-35,British,2,486384,Mandarin,68
59,9618d44c7713d913b8bba1d5c02759badb0ef6b01d186c04c64702807596bf83,omar59@example.com,0312928785,18-25,American,12,322354,English,50
60,30e2d1bb38b7ef18218438562cf34c41bff89879bff51744cd058857fd072c30,ali60@example.com,0347771235,18-25,Indian,16,407819,English,92
61,157de126cd5f7892c07ed167106a8e6ec3a463afb5abe654bd37fe59dd159be6,faisal61@example.com,0377252568,26-35,Indian,18,204454,Arabic,74
62,6d68597d5698835955c86776ea1882835df319410d15bc338106b2472777915e,hina62@example.com,0372266549,36-45,Pakistani,0,131897,Arabic,82
63,a35454676d077064d9d2fcd0cf29580a1a8da3ae269e93030ad0f796443f584d,faisal63@example.com,0390735137,46-55,Saudi,17,91441,Urdu,94
64,f70cdb9923a6d6db9fd56ee2369ebe5866bd2b9a845479288e4a075c6d469390,rabia64@example.com,0396972025,18-25,British,6,221230,English,59
65,1ab983d66b2835cfb7f5277f4d6ce467e4e8ed8a927d0afed135b162f037fce4,faisal65@example.com,0387642269,18-25,American,17,359115,Mandarin,58
66,f4b59f87e77333b379840eb6ef2a6544e2e4bea016a07054f66c6acc284091ed,bilal66@example.com,0357628766,46-55,Saudi,7,238872,Urdu,58
67,b8eba0bc7d1421ebcabb44d605153fe17b8f318bbf195946112273de532f51a6,hamza67@example.com,0362762777,46-55,Pakistani,15,83870,Arabic,54
68,92a4bb1044dd4c095e3e7d1d12462e5d7f35fa55ab9caa04d293ce0f6d486266,faisal68@example.com,0337135236,46-55,Saudi,17,223614,English,78
69,e793389676d343193edac15d298a2fb68ed03499c41eb15d427daa230a419cb3,sara69@example.com,0391369859,26-35,Indian,9,119756,Arabic,90
70,d20b129cc3216ad0425684b9b6b07a990c7fb164cf8773aabd58f3da2169c1ee,ahmed70@example.com,0330411399,36-45,Saudi,13,483855,Urdu,79
71,b6cbaa22d5c033685ee1b1293203b7674fc5de43c837e283de5d07ef0c8cbde4,rabia71@example.com,0336592372,36-45,British,4,283916,English,62
72,b2cc89bfb6425901eef08c9f985ba567f4b579c633090be1588ec156f30b911f,hassan72@example.com,0310250231,55+,American,4,236377,Mandarin,58
73,917d2edea0f5f08d38093ebd2955e6e0e025a719c75b9463102871df963dafec,zain73@example.com,0352973491,26-35,Turkish,6,200271,Arabic,70
74,a8cf3a5f1e23c6c5b7a770149539da06557dc33af30e23005d1e5a277edf24da,sara74@example.com,0356984860,26-35,British,4,489222,Arabic,74
75,bb31c58d94c54d5f2513a334e8a46a97e4bf3dd7d81e0b107643ff759a57b260,noor75@example.com,0378969235,46-55,Saudi,16,375036,English,74
76,d61760b559acc39db09b7f71ff95d0d5f42dfc53a36be08a35b15cf60d7297cf,maryam76@example.com,0355353996,26-35,Saudi,9,169094,English,52
77,36778c89d14ac3f635538e9b332eb1cf5da375c101c0e68fffd6bdea4bcf8723,tariq77@example.com,0391952330,46-55,Indian,18,384485,Arabic,68
78,0e47cfc940ab4a5c3f89a3f0e258f632b8adaf3f7f1f78c7b6a500d4a19daf84,hina78@example.com,0357809902,18-25,American,14,260072,Mandarin,84
79,b8910c3bb7a8d528d35f0dee6ff58da3312e56a01425017b2dc00b5084a092d5,ayesha79@example.com,0320197174,18-25,British,5,392563,Arabic,79
80,ecc6686f781830f5cf7f56e18a1bb2c3dc34598d7557fc0318f638d8f1bbca77,zain80@example.com,0338862768,18-25,Saudi,7,64962,Mandarin,67
81,ca4a7c11ca964c7a1117252b87ab83bc0dcb3c2070a851bebd68979263268a2d,fatima81@example.com,0329080923,46-55,British,9,117792,Arabic,94
82,3f31dd2d6a8073bc7475f5bf4bbbbd5bbc360e6821d0b7ec610408f0355aef43,noor82@example.com,0374201676,36-45,Chinese,1,82227,Urdu,55
83,a330cfa13e886c2d235b47f5ea2b99fbf07cb6441825cbc1d664d55ebccdfe6b,ali83@example.com,0322124055,26-35,Saudi,5,204844,English,74
84,3bea11d2bce8c919b66a7b8c29556c0da91fdfb72b0e13cad4d7f44346438626,hassan84@example.com,0312488144,36-45,Chinese,18,82573,English,77
85,6a2855fe5c228c4ffeb56336b2b5a238bc7d37c29928126d19ca8926b539eba3,omar85@example.com,0399666634,55+,Turkish,18,125375,Urdu,88
86,b04cf0ed67f6f9c74603f323e2ce985439fdd7926ec1e5a61f9bc8a70cdb8e5b,bilal86@example.com,0317838941,36-45,British,19,62335,Mandarin,71
87,d36a22b2bc5b0f87eb57856c4214d8a58d4cb04ef424977276bbfad9a0d597a2,bilal87@example.com,0373378490,18-25,Indian,0,274860,Arabic,57
88,3b712d242f0e2ffd77ecc59b3a6fc358ade08375971ff43266a59a7f7e73b318,usman88@example.com,0319941699,36-45,British,2,161285,Urdu,89
89,c34a4b5679701806d71432b6df9cf2f04da93dad82e0783fd234e84201d11afb,omar89@example.com,0378417030,36-45,Pakistani,15,435189,Arabic,93
90,f5058ee5d7562c7a46bbb6d3a802925b2ca6aa698f42aa4f15af056db37b862e,bilal90@example.com,0340215254,18-25,British,10,48185,Urdu,82
91,2986e54f98d48c419ab74b4dd631de5bffb4edaeb42ce0c61104088b8cfd5937,tariq91@example.com,0317283377,46-55,Indian,8,64970,Arabic,66
92,e13dadea6d6bd1774ffac458b119a5b9ced1f8a01f9a6f1d7c959d866957bf46,ayesha92@example.com,0360736559,55+,British,19,130494,English,84
93,0e26ebc18cadb1e6517741dc2783becfca03b6dcae25990900048044d56ab097,fatima93@example.com,0310171277,55+,Indian,16,193163,Mandarin,72
94,da79d7aa0047e84f08bb122bf93456e175088e0f52b1a45738b3faa8b9838ff6,faisal94@example.com,0388419793,26-35,Turkish,13,259329,Arabic,64
95,1717333c66d5b8238b2eec36cf40244f8398d46b377e2eb8b4ac1423a66125fc,tariq95@example.com,0335967642,26-35,American,7,63634,English,96
96,286034a53238a201ed5b3bc91c73e1f11e75339b425f7cbe6a85190ca0ddcc57,amna96@example.com,0394759500,18-25,Chinese,7,247919,Urdu,81
97,a8067468d2b3c05c24b6dcc5939476a0cad436bd0809b5f6333b3240545efa3e,zara97@example.com,0356021853,46-55,Pakistani,12,314128,English,64
98,f7eaba637263ebf4f429679f4e40272aa15273658b51bef755184f351931be7e,bilal98@example.com,0367734379,18-25,Indian,1,445281,English,56
99,0e1472d89d2fafcbf206e10c0a56c0fff5fd60eba7e906394fb8b0c36b48753f,faisal99@example.com,0331108188,55+,Pakistani,5,93981,Mandarin,76
100,785f57bc84c148b36985a2ed78a48ce1c53adac00dba02b50b010100d39ab647,fatima100@example.com,0332575489,18-25,Indian,13,157032,Mandarin,79
101,1f35b797c9578fbb4750951139c74ea5177e7d43fbcb3305ce260c03fd562c6a,faisal101@example.com,0348206556,46-55,Indian,2,169204,Mandarin,99
102,1fa1641b54899e455049575311e3aae62dd288e62061543fdb7fafe16534c811,maryam102@example.com,0384288255,18-25,British,16,72287,English,51
103,f5465e56aa1059488c540c2afe2d52f0d5fc22eaba1ff2ad374c8ab3e964e43f,omar103@example.com,0365296596,26-35,Turkish,5,217440,Arabic,74
104,d223c4ea4eeb9488b7a9166a3f6065a312801ee3d2b1d0f6f59e4a88d6f3b3a8,zain104@example.com,0351245764,46-55,British,8,365492,Mandarin,58
105,06b5b61bc16edc2151bc2dadf1864a5f059c539d6d200ab4ddebf15bdc47ad4d,hina105@example.com,0363451460,26-35,Pakistani,1,460824,Arabic,85
106,b0f8720ba88311e18e001a080c684e64e7536dedc6add39a14f3d576feee069a,sana106@example.com,0365745877,26-35,Saudi,5,315402,English,82
107,26293e89deecba5b7362f935f78fae116d5a0029aba58a8d4f9990c8b074bb17,hina107@example.com,0332673937,18-25,Saudi,0,10215,Mandarin,53
108,2899d2cb55ac511f713212c9327f0cb6c41dcc539f633b7bca842c8c9656e0fa,sana108@example.com,0331826641,36-45,British,0,397355,English,90
109,a26b8bc98fee7f1248a003c19b104341d13e3ed623b8863e20e4639befa1921a,amna109@example.com,0328641123,46-55,Turkish,15,408113,Arabic,99
110,ba8dfba654fea2539419321c01fecef2c2790eaab245e24a0dac03b927c77d87,fatima110@example.com,0320201961,18-25,Indian,17,242117,Urdu,98
111,71705613a3ad95952d28ed5abf1449750cf5cdf0c2895b54afdbaa98b83877e1,hina111@example.com,0338704996,36-45,Saudi,9,56032,Arabic,67
112,1a84822c39dab9b72b7cd5a66a6a53b5de19f9a422d6c2a0ba08ed5a4f17b708,hina112@example.com,0375875125,36-45,Turkish,1,182857,Mandarin,52
113,5eb7b0f2831d1604d4e4420b7d5240c1e99d353f51b2475db93594b63f177424,hamza113@example.com,0372200055,26-35,Chinese,6,236599,English,71
114,1ff30bc6d2caab77cbbb57d8373e0937acf8f0a8322090c9b091ac5c1665944e,noor114@example.com,0315369337,18-25,American,13,366144,Mandarin,99
115,5d0b93c134131dfdea2ca305f44674d94cc7c4a55f789154a5521ded9fae636c,amna115@example.com,0325534442,55+,Indian,13,114186,Arabic,61
116,aafd5edb0dd3aaeb27f2d7d92b3ca438b75e23422a3702cb656d97ad2265ad16,sara116@example.com,0381048489,36-45,British,5,226191,Mandarin,73
117,113e6a0131aec0a5cff624829c8b9f94ae3ba9ecbb6ca964fd67900b486e6031,ahmed117@example.com,0336408346,18-25,Turkish,16,259200,Mandarin,96
118,3985c6e5925726a95bde195bd0e1e6249e8f8c72f724163fcfaf960a5b89d00a,omar118@example.com,0353426742,46-55,British,10,119779,English,78
119,3d8a6365c558d196572cf7f5f7b4a2dd5dc0f2d0dfcfe06aab68fe8e19eb3dd1,hamza119@example.com,0390143858,18-25,Chinese,1,147152,Arabic,79
120,1831ebc53b80ee97c940874231c8b61f7ae5209b4ca4ce710d12688d93d58dc5,hassan120@example.com,0380438646,26-35,Pakistani,5,391325,Arabic,74
121,83a1db7e9a7c70c626079193fd8d359748bc79a857d313fa84566e1702e11aee,hassan121@example.com,0312426062,36-45,Saudi,18,483656,Mandarin,83
122,c6a0c11a8fbf2988fc00c51789e3452146f0ef7d9706ce865ba05b70d79a42bb,amna122@example.com,0323655842,26-35,Indian,0,367171,Urdu,78
123,9af6dc71ef529e40b692f3537268317805ce439f4b77854497aaaa11027edc91,tariq123@example.com,0375955748,18-25,British,0,65514,Urdu,65
124,8d38914cf9c01ca8009fd64ca45d4a2e16294092825fc96e0d871f2b972c5d28,sara124@example.com,0363944811,36-45,Indian,7,33065,Mandarin,77
125,c3b9c2b2c6d3973b218aa298730a19c1026dd874a3ec7713b1e26e5e46b4f804,hassan125@example.com,0393505216,46-55,Chinese,10,435232,Urdu,72
126,ab0a132757d3f9829dbbba24091584d38bb3774b74bc33e5c58ff108f68d409e,amna126@example.com,0361727750,46-55,Indian,6,208763,Arabic,83
127,33e2c57a094c0e13e7d114d80edea43af1256a1c9fc6493867cb1794a6be6200,zain127@example.com,0318821549,55+,American,13,88863,Arabic,81
128,cbd783d5fc2c7aba49f3e67fc48dd2dcd51f7912077cff0ec74eaf8b9ca768d7,bilal128@example.com,0326091794,26-35,Chinese,17,34700,Urdu,86
129,6268793799b9ce04e03badde0156749540e6e517060c6773b60d4e1a3ff9fe7d,faisal129@example.com,0384394251,18-25,American,0,59589,Arabic,55
130,ef545e96e8fff63cf99d6ed2593e158f0d4381323bb25a4beb20d96b7b530f33,noor130@example.com,0361017938,26-35,Turkish,12,217968,Arabic,72
131,eaa06e4a8e6f4c0b191bcff270efb03b502914acfe206df693463e20887d291d,rabia131@example.com,0387951366,46-55,British,0,49886,Mandarin,94
132,b27be7242fd03bc7cc003550e842e757e3bb29c953b0074fa8bedcc3d1bf49a8,hassan132@example.com,0349412278,36-45,Pakistani,4,378444,English,82
133,ad75fb94396e4106dd4e51b9228c791e384f22e21dc1b765fe5de734bb55feb1,ahmed133@example.com,0344968399,55+,Chinese,2,462686,Arabic,72
134,c875d8e15d8c62b776bd4db05f1544f822734fd9babc83bd2f40f3535646add8,rabia134@example.com,0345490204,26-35,Pakistani,8,455096,Arabic,56
135,756bdf34019aa92f2d551469190f6b7d5a08170e9eb3873738c307cd37683e9a,sara135@example.com,0363553666,26-35,Saudi,17,13114,Arabic,90
136,22c6d860089798bcf2f0c9695f9af6fc1eccf5bd0715ee278d307a5e6979b5cd,ayesha136@example.com,0315167373,46-55,Turkish,6,127769,Arabic,75
137,327b5313228331e2d4d5cf06788efa58b7dd6ccd811dd72093b6f5527958c9f8,sara137@example.com,0321669729,46-55,Indian,16,414576,English,96
138,a0f095928ac6fc133a6aa91ba477cfb99fd7e0979cbb8e303fb389bdfa5c56dd,faisal138@example.com,0390090793,36-45,American,15,160056,Mandarin,64
139,9603d24ed2a93f25428de56b385d5c34dadecdd109faad6f5508291609d4f2db,faisal139@example.com,0349989821,36-45,American,16,202319,English,99
140,ba2138cdf8d4d1c442f303c051025ecede535f1c992bd0f2b64be7b8a30993a1,omar140@example.com,0326172473,26-35,Saudi,3,360321,Arabic,62
141,26876a23a22031c45fd4059ca85229e176bc55815d74b7392dfaa582a1f946b1,hassan141@example.com,0360875992,46-55,Turkish,0,82394,English,74
142,52ba0ecce239614cea3bad49a56859e332c55c1e197f354d5c71caf0d9743c5e,rabia142@example.com,0378989028,36-45,Indian,5,14136,Urdu,73
143,d9daac13a643bc3461ad88c0d7ffdaf4d15982eac1a98956092f1a9697d545e3,rabia143@example.com,0393997037,18-25,Pakistani,4,211528,English,81
144,98721533e8ff8e9b581d10a8981add99c41155093573f80eec8661719ac56776,amna144@example.com,0374897912,46-55,Turkish,8,291411,Urdu,66
145,826d6a949ba780aa400b89dcb3dffa50cb0c7eae3490a394e6c814076a4e04ca,fatima145@example.com,0333384180,26-35,Turkish,7,422601,Arabic,70
146,b6a7a3a9b9f8a204f62787e88eedde4393b552eaf62eeee3d003b0f327a553c1,usman146@example.com,0376259604,26-35,Saudi,9,67196,Urdu,67
147,9c36ead4a8b85bc299b06531789739777031a47524a80f60608b38db52668a83,bilal147@example.com,0353464233,46-55,Indian,12,351073,Urdu,58
148,d74dada1807c76ca460bd898484854f76d0eb1496a0cdc9155ae8646c5756cf9,ahmed148@example.com,0375440781,18-25,Indian,3,164961,Arabic,69
149,9684031534ffd3dfd5bd1107a185cd6dcd79d65fdc0c7e94cd5f9717a77170f4,maryam149@example.com,0398595831,36-45,American,8,349148,Arabic,76
150,168a162834e022d83760c6cbd99361136900c4ccf7b3a69a87c0a890cd70b713,tariq150@example.com,0345341284,36-45,Chinese,19,352553,Urdu,75
151,f52343e2bcab60a88ac0627c869264da0c26d5c8dff9bdffe05c8af0c128d031,ayesha151@example.com,0360470573,46-55,Pakistani,17,179439,Urdu,52
152,980b79d757315c70a0fc9c2cb10829f64b33f3f6bc17d1ac678f680f14425719,hassan152@example.com,0343929665,18-25,Chinese,18,473120,Mandarin,82
153,3a55b999dea5ed0a2fae280c1b77a5c02c9e0ea7d2fa4e9edfcbc6d282906ff8,amna153@example.com,0337320962,36-45,Pakistani,2,226775,Mandarin,85
154,369267267cc494172646b877e8b54f0ac19f12416a7893b48593a471577e048a,amna154@example.com,0324999412,46-55,Indian,0,25896,English,65
155,065857bf4aaa894972303aa108e5d76a8b4692fce85c0e4cf4e0df0b4424cace,faisal155@example.com,0363543055,26-35,Indian,6,219755,English,65
156,f4b5d103afac57ea64a40af72d2703f79f2fdd408b6a227c420d2983b2d9d609,faisal156@example.com,0359582227,18-25,Turkish,10,225705,English,63
157,7f1084a5a4406c6e5fb98f7fb57c9634fb74b5db15e4da5e9c7ae323be2557c2,rabia157@example.com,0355789382,18-25,Chinese,12,485859,Arabic,52
158,ba63625b7c414eea75e25d18667d847af5cde74edf18d167a6784614ab98534c,sara158@example.com,0310458819,55+,Chinese,10,452765,Mandarin,79
159,f7eff5c1e80a0fd173abdb6e3aad9dedc0a97a1a0a9e039103f7a4925b484bff,zain159@example.com,0389107632,46-55,Chinese,11,491184,Urdu,63
160,7ad5c0aa6de495b43498add7af8e78a7728885545b801b9966113321da3698f6,sana160@example.com,0319332439,26-35,American,15,391923,Mandarin,51
161,65f22cc73c6a5271b5f726badc7ca9684251b974b81b56f03876dbe390ce596e,zara161@example.com,0346652488,55+,Saudi,16,484365,Mandarin,51
162,f868c3dbba970561e01d9d11500541003dc3f3b5e19775f5cc17d1f39af2cf75,ali162@example.com,0366755475,36-45,Turkish,2,236486,Mandarin,89
163,ea5af7a522909e8cf590bf6fa52e95f49b3cf00f4c56139eb08142e846c3f7c4,omar163@example.com,0394811073,46-55,Turkish,15,382050,English,93
164,9f514e617af6276cc85c3ec2839b53ff42a9cc41de99d74848bf3cf29140fe0d,noor164@example.com,0377330285,55+,American,17,370971,Mandarin,79
165,6478baf7528c6f137097f4cb5fe1b6a45e2285a1c72c634e2b4d01fb6ef7b627,hamza165@example.com,0367228660,36-45,Saudi,15,254754,English,69
166,8c14564e2641cb3e00053581877e3f40cd5bfc312349c16114158e30907d61d0,hina166@example.com,0342881204,36-45,Indian,15,70038,Arabic,54
167,4da3713340d0b596cd9b4caf45ed68a2f71f9db4e6e9c670d4a94b0485df0c17,sana167@example.com,0375176962,26-35,Indian,4,387864,Arabic,52
168,de471f5aeb5418ed4ce047c083322bde9db3630db27669a31581189fa59203ce,bilal168@example.com,0348598748,18-25,Chinese,7,207780,Urdu,60
169,3fbe98e8caeb3c9dcea37792355adfe6a89961624b4d8553388127240730c663,sana169@example.com,0382307109,26-35,Indian,2,296198,English,59
170,9588ac1529657a1b63cc6e2c3cc416ec5de0782b67b0ff1d81b53c613d022570,hina170@example.com,0333066405,46-55,Saudi,13,406456,English,66
171,dd188c5d15c726a9bbdf383579d925ee4498004fe76d6777fcc076a1d8a89523,tariq171@example.com,0355704130,36-45,Pakistani,11,264822,Mandarin,91
172,7b73bce4d2efca0592050ece37bfa09ae7b54c6e5c2810b49fe96e00f815359f,zara172@example.com,0352972556,26-35,Chinese,3,201313,Urdu,68
173,b0cb27cc5013eb4df8da3c25db7d950ff5cc6d3a91b4c53f28e3c15d5ae5ea80,faisal173@example.com,0380238849,46-55,Pakistani,9,191089,English,57
174,9f45b835510accef6b413e66e9decec3d23e75cbd10cdad75b1a4c5cce5b0e3a,usman174@example.com,0378227708,36-45,British,11,180824,English,57
175,619848de85ef3d6aa406944ed13775517e2c8ba68fa72bbc6dafe3a064060fd4,ahmed175@example.com,0358835195,55+,American,9,170212,Mandarin,97
176,488fcf11b52daad24b7ae070ae1c00d32c59184519cfc1f5590f5a8014321060,hamza176@example.com,0355327209,46-55,Indian,13,199167,English,99
177,f7333a057a15f3edac0f0acec739a9c05eea94b6371119ead731ffe1bc0389d1,zain177@example.com,0360874603,26-35,Turkish,6,414499,Mandarin,72
178,efcad1b298eba0e284e8a9a14c9830cd7645347d56823402a9a15d0cbfd8a605,ali178@example.com,0320186886,18-25,Pakistani,5,490549,English,93
179,2bb7013bb8c94c8db13dc369d4237e1784f27db898f68244d045c53094771560,sara179@example.com,0325020117,46-55,Chinese,5,355744,Arabic,99
180,50b21491d469b10f2f0c56e7b5bdde3bb3a6e3a4cd6eaf9e997abbc1831fd84c,fatima180@example.com,0312604325,36-45,Chinese,7,476836,Mandarin,55
181,85d63211a7a8e5487df492b166de3d4e3c78714aafbff7704ceac7051a1a26d7,zain181@example.com,0397773012,18-25,Turkish,6,437991,Urdu,67
182,019b5cbc93680724ed960bd1a1bccd5cda358b368fccc440a3d6d221fd235036,zara182@example.com,0363239735,46-55,Pakistani,19,311407,Mandarin,97
183,24fe6ada650c7741ee9858b40b1d151756a7f5edf320731f9ca8b01303aec8b6,rabia183@example.com,0397991593,36-45,Chinese,13,420616,Mandarin,91
184,128d8ca9b3f82c6aba0976c346f8769548f9e3f7dd133c91cfdcfdf8d4203151,sara184@example.com,0363393129,26-35,Pakistani,10,291366,English,89
185,09adf9a65f475f476b85025d4736f523882b55ae7c06930fb1be3d066ad5195e,sana185@example.com,0343857878,55+,Saudi,6,154615,Urdu,70
186,ff8399ed5b1181397b014a1621d6127c2ea9fc0f4815b7e7e1d6dc2416135cf5,omar186@example.com,0313823873,26-35,Saudi,0,323572,English,69
187,b2b3530fe0b0cb2c24c85fe606a1db55eaf2c9c36d9ece5ab9e95fc66e6fb128,sana187@example.com,0359729314,36-45,Chinese,17,135549,English,73
188,167e57cf0f66f1e0b95145cfdb96591055e00d35d031ea936483d8fa18174fa7,maryam188@example.com,0365291772,46-55,Indian,9,297062,Mandarin,98
189,f55b849a2042268ade69e0f524c5dc0d9b56c31d5ab1b8b2da07277a9f10fecd,ayesha189@example.com,0315688505,26-35,American,0,371390,Urdu,89
190,b1f5c58d11dd8a3dd1b036769805f6f4c985ab4b334b3c11840814be3c40ff1e,noor190@example.com,0383913944,46-55,Chinese,18,367092,English,68
191,9a8fc1685666995db4dcf5c6c8e548bffb1cbfcebf14c5854a06adcab075c249,omar191@example.com,0369974585,36-45,Turkish,15,209488,Mandarin,73
192,af62149a66db9ab39c2ce19f9bdc5b76114b523c6da77131c9e2253dcd0ed12b,bilal192@example.com,0365345697,55+,Pakistani,7,171297,Urdu,97
193,842743516edaa359946e2247e633890db5dfff6c2dc149adba9c2a70f3b09416,omar193@example.com,0381352324,26-35,Turkish,12,35938,Urdu,52
194,f4dd9746a135c68d0b9e8898a319579c806994c922cadc79ec5e2293e8f6330f,ayesha194@example.com,0345641433,36-45,Chinese,11,463505,Arabic,93
195,856201ccd408f661bab8cabd4ba9219d103af27777ce6277e6a99a512b2510ab,hassan195@example.com,0316773329,55+,Indian,11,23569,Arabic,86
196,a7a8bc5d859a2cfe42a2e8b5f64b4d4005cd5957394d8f98a2d12f5608ba2a17,maryam196@example.com,0391991558,26-35,Chinese,11,81695,Arabic,89
197,61ea03b8c7d6c5a0cc590e48488178780e67b4d3029a7d33c8557b2e47508d7a,tariq197@example.com,0380210747,18-25,Saudi,4,478364,Urdu,60
198,cac1577b3ce4fb56ac362088736020fa7de8bb5b7294465e15ad6c16e9c3aa61,tariq198@example.com,0312080563,55+,Pakistani,13,10654,English,56
199,6e96126aea98a42bccec9fd7872c8914aba0d885dcb7ae7efa21d9fac14be057,hassan199@example.com,0354667943,46-55,British,14,374271,Mandarin,70
200,c61348dcdf4f6975e0456bfac5731cfc4ed3e465f3827d710d2f90ee0f9114a3,tariq200@example.com,0333226944,46-55,British,11,202537,Urdu,86
201,a3848f548e9731d49b64c419f366ab9d77197c90c1b3dc6e8ed19733d446a292,omar201@example.com,0368713308,55+,Indian,12,355072,Arabic,88
202,60c22859edc0628b87a8b8f79236d7734597b26a16c719540a52a6dfcf9ff3bf,hamza202@example.com,0389481292,36-45,Turkish,3,473463,Mandarin,80
203,642f8053da84f5611061313aa88290540418a307b91a4171ee95689b0c252b72,sana203@example.com,0333212905,18-25,American,11,236905,Urdu,97
204,50f9141ea6321f72c501aad236c459f43776eeac14482e11e633e0a8d7fd7461,zain204@example.com,0336401120,46-55,Pakistani,11,341588,English,77
205,0641477d8c27aabae686e5e1eb73ecda8d3047cfd1c512c692328d1d9d95cdef,omar205@example.com,0383297207,36-45,Indian,1,404093,English,62
206,b4e8bb6e3e193b2176d0c3a4e7e571a12a5562011e9a05849a766767aa695bba,hassan206@example.com,0343389158,26-35,Indian,15,330057,English,60
207,2bae2639c5fbd61c14fc96e1715a0b6571a0cb20d2e06ac21d7ef4932c396536,maryam207@example.com,0312925609,46-55,Indian,0,300886,Mandarin,90
208,f74b437571187401dde6eecd66d378006a0d5ffbfc7182234a19c0fc635acf1e,ayesha208@example.com,0375782983,55+,British,9,449978,Urdu,64
209,90811e288cf6b6fcc4444dedd559bfc3780ff713424f84ed8b0c610634191e95,ali209@example.com,0395023397,55+,Indian,18,309189,Arabic,59
210,95811ffda1e3266f1e94d075834a3572f17f32f955998fada860ab4cdf167ae1,amna210@example.com,0383245685,46-55,Saudi,17,116471,Mandarin,74
211,5e1e3767e4f2417e730ce207c3fa6cee265ce88f0366624521f150f704b0ea9a,hina211@example.com,0319456587,26-35,American,4,365266,Urdu,67
212,302d7571adfb915108448c515bb655e698e899851a79b507497e5d35f829b4ea,ali212@example.com,0353749282,18-25,Saudi,1,391032,English,53
213,6b17918e15e01873d17072003a4971f0ec40d9ef15c52293b40556effb9095d5,ahmed213@example.com,0397949148,18-25,Saudi,12,493761,Arabic,77
214,053212bb1afd100dd1b878a39cd0b7fe6bf2be450ad5a9758ed8e057d068377a,usman214@example.com,0351151145,46-55,American,4,264817,English,50
215,e2dd4fa4741caba7398c4fe0050b819c015a2a8b20960195bb20d4f17af0adad,hamza215@example.com,0360551974,26-35,Pakistani,15,387082,Arabic,73
216,2c2fcd6ad5ae659f89242db32487fccb3d0f28ffa624ff97bdf67ea1ba735fbe,noor216@example.com,0399366434,26-35,Turkish,6,263017,Urdu,87
217,5e03afaf396f1e4a30b938cc2bf300b9e8567d55e7ee449eb897749158f2f569,bilal217@example.com,0371891478,46-55,Pakistani,8,404051,Arabic,72
218,58190d5548aedc92030219ac78be908944269f6e92469930822dd3616e63dafd,sana218@example.com,0341581057,18-25,Saudi,14,379566,Arabic,89
219,1bd40414ec201481a7a2917ae57e48fa535c2a98d584d85fee51f0d13ca5dca8,fatima219@example.com,0372219314,36-45,Chinese,16,434315,English,65
220,f095553867f2799d7b370c51193096df0e58333906eccf055359255a319e644f,maryam220@example.com,0331068472,55+,Saudi,3,156895,Mandarin,79
221,03da25776e139b7db5ca2edf369918c2f42f02c09cb8865a360d2639238c7f9c,hamza221@example.com,0357463403,46-55,British,16,410213,English,99
222,c29c7d045ab929aa06101a01302fa1582dc271c4895ed63a5c9c5c5966e95175,zara222@example.com,0360723318,46-55,Pakistani,11,158790,Urdu,53
223,272f4d25d6f62f9e1240e32ac04f2f0bd5bd86b4566352fbc7104d16bb061471,amna223@example.com,0321808606,46-55,Saudi,19,202718,Arabic,77
224,cac083ae31b19feedaf4a234b2a244b2132324c3ce1b608bc6dd2302f41154d9,bilal224@example.com,0364182052,55+,Saudi,16,209665,Urdu,62
225,87a298c58e9b992ba67416d337d17e1990decd2adad49b13445a66f9b9e1e4c2,hina225@example.com,0332232465,46-55,American,19,90691,Arabic,94
226,f205a68997b4fa8fcd5c413c1f6a7f9fdf9e1bed7283671b30b8605d31d0818a,maryam226@example.com,0369727147,18-25,American,3,461105,English,54
227,2c0e92b51e5b384901e47b905e33a25fd522349977aea219fcb818bcc4eccdee,tariq227@example.com,0340674998,26-35,Chinese,8,382684,Arabic,54
228,4e08903953c4a657e81c3fc0cd7c0af6f349e5a2590df46ba3fc045ae40e0411,faisal228@example.com,0364701945,26-35,Chinese,5,345834,Mandarin,70
229,292560deed1d29739bd14f1b8af4dea62063775f0eeec2d16903134b7a0c41ec,ahmed229@example.com,0322646791,18-25,American,16,382454,English,70
230,351f55a3d2c8aeca6a941d3b403ece0ad86e45bfb93be48a85639374b2cfa3fe,noor230@example.com,0378154397,55+,Pakistani,8,273312,Urdu,80
231,01ecb90a241d54914fccb4621d6aac75f8009137cba42a5f0442fa269e276db7,sara231@example.com,0345040051,55+,Turkish,10,40270,Arabic,85
232,82890f3ef0aa086c40f8f1d7ce569bb4fe864f4863dccb0e093ac9f3b6ea81af,hina232@example.com,0355153952,55+,Turkish,0,321741,Urdu,92
233,7fb4e753b0648f5c7d0db4333f5a4e97f7f74fa213e9ff227f6f5e313bb8563f,omar233@example.com,0328436016,46-55,Chinese,11,218137,Arabic,55
234,318408d1dd1fcf538d2d388980d66c3b6d96c94d3a876084c0402c166056ad2a,maryam234@example.com,0321233080,18-25,Saudi,15,106055,English,72
235,0c1e1beb9060391a32f242b68a429d99bf8424b6ad645c5241e5d44f0d12f413,bilal235@example.com,0392709875,46-55,Turkish,4,355876,English,96
236,864c07cacf70c1bd100d48bcea8b7ad1700a56acb17771bb4a069780a0925bb1,usman236@example.com,0315584581,18-25,Indian,18,273551,Urdu,50
237,d287647ac0e7c2be7e80245ef5be8afdb3a41e30949388ccf7da72e9dd78a650,omar237@example.com,0344753961,55+,British,8,190775,Arabic,74
238,c102040fe8415cf819f8d2e9015d228c0c58e749e579c925a5928f49e0aa7182,sara238@example.com,0318860286,55+,Turkish,12,24390,Mandarin,93
239,e1ee8f1bffa9be9f5abd0b00d143e5781030a92f8af5deeac7bb90a26e56cf2a,hassan239@example.com,0324931127,36-45,Indian,12,113920,Arabic,58
240,0c066d1a91a08ab84af1b07af1732bfa256d9d70b55f68cd611661e92af99f53,hamza240@example.com,0336559312,55+,Chinese,18,32738,Mandarin,56
241,b3b3ad0aca69b9e08758c3e38912755686efcb0fcdd9ec3955b75be0b18b6723,zain241@example.com,0342992373,26-35,Chinese,19,166688,Arabic,96
242,2235d900331b0a9a922bec1ffeb944ec4ed81be41752b40bb234b0f5f904dcb6,ali242@example.com,0322411137,46-55,British,16,41556,Arabic,67
243,c775bf70aaa9b037ba8269d18f5bfd941bdaca3968b315bb75afce941d18cd8c,tariq243@example.com,0336891636,36-45,Saudi,16,212278,Mandarin,89
244,2bc5c11d6738e647a3be75a3aeee75c8614ad22b6422141ab20a680d47dff2f2,ali244@example.com,0365456172,46-55,Turkish,4,17837,Mandarin,53
245,bcf17643bfb420e7aa5303cadbfca8171175a5193f17d62a4efb9cc1dcae04b6,hamza245@example.com,0350782551,55+,Pakistani,3,378946,Mandarin,63
246,baf2abf281e7dba866c043d93c5c71b19685fb0f28fcf23ccfbfbae1133c67b2,zara246@example.com,0370868420,26-35,Chinese,18,68123,English,66
247,58d7c23ec8fb74a9e67b9b9401326e97b14e14549b7c8880995c0ef3b740536e,usman247@example.com,0344771741,36-45,British,16,424336,Arabic,81
248,eead34f1f0431b0b2ff203e27012cefee03b4a6869f4921698349617dbbd3a3f,maryam248@example.com,0399746696,46-55,American,2,323045,Arabic,68
249,eb7964f1ecd61eb8c4f105c2ce3e88d58bd6bd86ebbf6487527432167650c362,rabia249@example.com,0387266579,18-25,Indian,16,483196,Urdu,59
250,d43153ea5901f9f4a194dc0e270f6962d27e534579ba96acd174d360750d529a,ali250@example.com,0356597166,36-45,British,6,471691,English,67
251,49eae74cf7b65fd6782d23dc379150311ac93709db38bc8210a4433b839d2e30,amna251@example.com,0314499311,36-45,American,17,222986,Arabic,98
252,ccfb30fb4e32ec5708acda0e5369d9e8f8f53f6d7df43a088fcd8a3f90729259,ahmed252@example.com,0338804060,26-35,American,7,430661,Arabic,83
253,bb994a46f67917d28ab70c33226fbf1a4330dcc58eb8c4888858c8f11b6e1410,hamza253@example.com,0369134883,26-35,American,5,155338,Arabic,58
254,65955e51c28ae283f97ea73b51b59d5a1a63cd5b7ea1ecbd5f5f9701161832d4,sana254@example.com,0335113778,36-45,Chinese,4,179357,Mandarin,79
255,ac2066c3758e264b9700af045a790fd0fdc07ac7064d70cb40113493016112cf,hassan255@example.com,0398286211,46-55,Pakistani,11,487377,Arabic,63
256,c36b976a76f62848b5f0092314c9a76384b059a53e9898c5386c2588e1ca7f3a,zain256@example.com,0311156245,46-55,Indian,5,390214,Mandarin,64
257,a55692d8f8541864ff5870bb9ca6615945cfe70e451dcac0c0a2aa609f73c3ab,tariq257@example.com,0358480343,18-25,Pakistani,6,359880,Arabic,61
258,d311f2e1157ff7ef4d7a6ffb3a78b1badc0f2222acd7e804ea18c7f206596ffa,ahmed258@example.com,0357331945,55+,American,17,365113,English,61
259,1e18df1526ad3f1225fcef315dab764c717a3060a7b4967a68ddce3c1fb1c7d7,zain259@example.com,0370481382,26-35,Chinese,9,164062,English,93
260,df22846e03f90ab18959e50ec32d5d7805f42c9ddcda572d87ac5436c32420e5,hina260@example.com,0372666873,18-25,American,6,43085,Urdu,80
261,005da876ea4a0b8664de6e406d6caf4e9f992d3e46299ac4910ecda10ed10967,noor261@example.com,0336613746,46-55,British,6,337329,English,99
262,9f5d671d172c8d1cc2612db1ffd7e1295f27715d91ab88e0486a8f7ecd19f1be,tariq262@example.com,0320276325,55+,Chinese,18,149133,English,93
263,0c11e74af4249cad40b98db97ee4a04b87e2765cca97dbc61d0aeec347defdef,ahmed263@example.com,0319851205,26-35,Indian,17,433327,Arabic,52
264,b2a2264eed5e41f98660b4d545078bd62c3e51d28411746450b6cf17590ed12b,zara264@example.com,0347701845,26-35,British,2,354572,Mandarin,78
265,01c6accb72ad2109b6e673d15b663b7c628b1dfd838dd7cb7fcffb942c9cf218,ahmed265@example.com,0327490607,18-25,Saudi,12,15495,English,53
266,76da444ba572d0c7b3c10f47b3109f4878b35c77cf58bba3567db75cc4bbd9d4,sana266@example.com,0346412646,18-25,American,5,329186,Urdu,81
267,1d6c8b7dbbf45dae1fb054c65af263e7239a09849517a9017a1bcacdacf7a19a,zain267@example.com,0381002057,18-25,British,12,446946,Urdu,73
268,9ebb2aba181d334c7b1b942e2290bdfc4ea8bf38ae4b501ce25b05917a987865,ahmed268@example.com,0343099267,36-45,British,2,266323,Urdu,86
269,d97fd7b32f1a0c294e8d12d7254ed76d0caa4f465977da82f42f7fbafe8b7ba6,fatima269@example.com,0333782567,36-45,Saudi,11,448744,Mandarin,62
270,64e9f361f2c88b722ad060fd5ddebfd1f93b735aa218119270269dd385c889f9,hamza270@example.com,0372590275,55+,British,5,441888,Mandarin,89
271,803ce07f531acdebc8a371e0f4086ca311af8551a35ac37296203e18ab98961c,hassan271@example.com,0368643696,36-45,Pakistani,8,111121,Urdu,62
272,120bdb45bd770339e1404e76a17f2cb041e3f3ec71f4cbce79a59cf6c2925997,zara272@example.com,0322595379,26-35,American,10,104202,English,71
273,d272f3db1dd7e3f8ff25fb1ad6d8c00cfae87d9803092c57818af17700d8b098,maryam273@example.com,0361766378,36-45,British,11,395751,Urdu,69
274,c846ddecebbd29a467ca06709596f5909a7a71b683d60084f8031a3f80652ef4,sana274@example.com,0344532966,55+,Pakistani,12,279579,Urdu,59
275,e2d2217b33f88520beda01ebb76315ffc0e0964033144232344e4c7a8372c901,ayesha275@example.com,0310481632,18-25,Turkish,15,371087,Urdu,84
276,c65ce807c99ac5dc7fcb0c198fc3375e9c9470a25d2163e08f038d357d13861a,hina276@example.com,0334416514,55+,Chinese,10,216717,Arabic,59
277,c9728bf8ad806668faa608a6e5de8bd21b7e4b6bca1ab48bb1b70e595e21dcb3,hina277@example.com,0338872553,46-55,Chinese,2,87511,Arabic,60
278,bde38a3791c4de0ea32ae703936674bc721e47753afd4c318f4c0245269e406b,rabia278@example.com,0360543852,55+,Chinese,5,13880,Arabic,81
279,fb7db13cbd51100f7dd448496c4709b7a89f2d7355a34cbd5da29bc59f9277cc,zain279@example.com,0354280248,26-35,Chinese,15,114843,Arabic,88
280,4eda019b5fa05d0aa49df3ba521b3c4adf0b4a4814baae4f946e9f5b387e58e0,faisal280@example.com,0385486764,36-45,Turkish,13,191413,English,71
281,5460527b3434ac2f3772ea5efe05ab287cb18cd0ee2e70aed27df52cd498ec5d,ayesha281@example.com,0324632787,18-25,Saudi,16,423532,Mandarin,86
282,15daec013519ae4850df457315cac52472087cdeaa486317d818861c95eb2c44,omar282@example.com,0373463472,46-55,Pakistani,17,99326,Urdu,88
283,76fb742e39d084decf94058f40081133a8446c359404aa6125d16be7f159fe87,zain283@example.com,0358302865,55+,Indian,18,235758,Mandarin,59
284,f622aec7c312d3b6bed65a31de876287bb156e3e6946b76cf9886ac7194fa3aa,bilal284@example.com,0374910926,26-35,British,15,121915,English,72
285,0b5a09ae9ff4a2b881e42d6520c39714202e12e2ecd1763ed8a35087f1cf719d,omar285@example.com,0340513376,36-45,Chinese,1,495725,Urdu,90
286,5d923d76b543f34a6f0ce81182235650067091c12be36600fd8dceeb4ff1eb67,amna286@example.com,0383633231,36-45,Indian,6,271420,Mandarin,73
287,36b1f84565f5f378552cfc1b642dda7cd7bf40ba9fdde46864c92f92c3512bd0,usman287@example.com,0387757628,36-45,Turkish,12,67241,Mandarin,56
288,e54fb83d418514c2e0b0eef9f6d84d6088e5052052fa6b913b702bf950f765cc,hina288@example.com,0355790633,55+,British,5,438484,Arabic,77
289,baddc2d94d500e09dc1b531384228979c57c138ad4d1451e4425404daecf1c9c,bilal289@example.com,0381408353,55+,Saudi,15,338030,Arabic,58
290,08e3893749b85c2b62a02b5905a18786898d1bdf2ca71d9e82af349866802466,maryam290@example.com,0372091445,55+,Chinese,18,492342,Mandarin,52
291,795e74ee05cb809bd287a29ca720506e2d3ca9763155fba9bf456b0aca277843,omar291@example.com,0343698807,55+,American,10,474992,English,60
292,5a9179292a39a4ed171891e086bbbfb0f9a6e5825673ce1190e27a327ac1f965,ahmed292@example.com,0338245402,18-25,Indian,6,328174,English,95
293,fa11ba32a16cea600fbfccc98b2198a9b1adbaf383c71b1bbeb50e211bade515,sara293@example.com,0321926106,46-55,British,14,309345,Arabic,50
294,64b75810e69995bb4f9699d5bc7cff88cb433bf96b03aa62ed85026b381ddd51,ayesha294@example.com,0371104574,36-45,British,6,242320,Urdu,92
295,2ba99726433659457e253ec63ec21cc57aa4c8f5c6476b81f07087baba554b38,bilal295@example.com,0317003621,46-55,British,18,415377,English,93
296,470ce52326a450e5464cbf88178e71b0006ed75eb3f4ecff19206e5fa52cb956,ayesha296@example.com,0363838793,55+,Pakistani,1,142283,English,80
297,27e29bb970b33f96744f8c6df7485f7577666c38aa3676c51989243480aa45b5,faisal297@example.com,0379089289,26-35,American,3,223493,Urdu,98
298,814ba18b3a395ca096a23d752f18eed627f177e18a9a829c6595364a21099ac6,zain298@example.com,0326399173,18-25,British,9,300180,English,75
299,33373d1c8e1e1c50110db9ab9b30c416a061304d966e61bf45dd03161ed8dc4c,fatima299@example.com,0335693164,26-35,Turkish,11,385833,Mandarin,54
300,222cbf4b668e7e551d31633c39fafb429497972b089fed9430012650109b7793,maryam300@example.com,0311079037,36-45,Pakistani,15,122036,Arabic,96
301,7055ca306e89267578d9061ffa96fbf2be9b36a0a02755bcecafd0428eac3dec,ayesha301@example.com,0377998558,55+,Saudi,10,288676,English,76
302,f06c03bcbd9a51228262f3ceb912bdf234871ea8cb4f46eaa0fea508e2915472,hina302@example.com,0347621413,26-35,Chinese,5,414653,Urdu,60
303,cb75aec46fc39b01dc0ac452070b6cc9881f4c3d86752be6ccfe897e10b0e4fd,sara303@example.com,0345131847,18-25,Indian,6,483919,English,70
304,4f37b469a741da5ad4317f013eaf3a6aefa3a4e33da2b8ff33f178e23b8c9d46,rabia304@example.com,0328292935,36-45,Turkish,19,471063,English,95
305,ff5b7cb2cf947ba9f84c7552ef6701195f5920ea14689a962d48b36bff5d9b82,rabia305@example.com,0312336798,26-35,Pakistani,15,71192,Arabic,79
306,369be4390c8d951b66530e57f54f2ac015c39d4788923448ec97396e4ed434ce,faisal306@example.com,0338546713,26-35,Indian,15,480819,Mandarin,94
307,89b9414f51c54d3c35b138b93a0f6e75aa26facfd88f0904b09c81b8898afcc6,hassan307@example.com,0354221254,18-25,Indian,15,244085,Mandarin,97
308,e26633f69cd9d34144ee2953dbe9b7ac6db7a6165f7a6b93787816b213117fb5,rabia308@example.com,0354110501,55+,Pakistani,8,13320,Arabic,76
309,48b78a8eb25fc2066c6270620f2288eb436e3299590876984655776764fa4078,omar309@example.com,0323911580,36-45,Pakistani,10,99051,Mandarin,57
310,e2c83037961f8461d015bbe7fbd01f85715c78c0baae1ae9909d2e7e1c1e3ba0,sana310@example.com,0391522052,26-35,Saudi,9,285107,Urdu,76
311,13a0c14d2c0154b2f2fd72c15c36e250725c966ef282160a81f8fcf968b10c65,rabia311@example.com,0337329593,26-35,Pakistani,8,351876,Arabic,50
312,7b40ff69a83372f1d6213dbb6cc64c181df72a7ce19618077028749f7339b102,zara312@example.com,0374044630,26-35,Chinese,19,178600,English,52
313,54ac87bd1546079ffd2779802fbcb07bd1a1fbcda4f0d6dc264b158cfb4115e6,sara313@example.com,0346534277,55+,Chinese,5,174404,English,67
314,358426fad13060d699b6bee3f80780c2ba5000a002bcb94d3c8be10d98004677,ahmed314@example.com,0381217813,55+,American,6,489767,Mandarin,69
315,7e60531063f58e65c0dfd1c0ba4061a756dace63efa7e3f75219239448b70231,fatima315@example.com,0376345536,18-25,Pakistani,0,237444,Mandarin,94
316,f05a234ae7b3be4c6bbffa078bf83da89584d2921d3d61f732cab12e3114456e,omar316@example.com,0384272221,18-25,Saudi,2,276285,Arabic,60
317,48be93b62e1ac74ec760ac9bdf3acece265fbe13e2e950d08077c40fcbb0a3b3,bilal317@example.com,0381439317,46-55,Indian,12,200912,Mandarin,59
318,0a583ce6ba207861179e06fdedeca2649bb363f46d5694a3ea8962490e4fda6e,amna318@example.com,0348555170,46-55,American,15,431863,Mandarin,66
319,7d4647954ca862eada6fbabf8e3bb4e9286d7103805a76e489960eb8f1d19ab2,bilal319@example.com,0324514418,18-25,Chinese,10,233936,Arabic,75
320,dab64514be11fad3c2c54bffeed06ec99ec556264357b41fe1fbdbb7dd514446,ayesha320@example.com,0333119427,36-45,Indian,2,73884,English,60
321,8414333e70fe06e82eca6060d8a255f3cdba4336fd4101176c248b84e79d698c,tariq321@example.com,0357240145,26-35,Saudi,8,250617,English,72
322,a42381849594d2f507d2e48c3a8047eba52b7076efb60b9fe53ee580ba58e988,usman322@example.com,0398193990,36-45,Saudi,2,226779,Arabic,98
323,cb9c635cfcb0073f761a4fe7c2ab4448d18a19fb8b8f89c9119207eccc9aa706,rabia323@example.com,0399402905,18-25,Indian,15,304478,English,90
324,fba7b5a231f4a6a50856bf7946434e69cf716611c5ad9cb7c8b3cd4742e64985,sana324@example.com,0395612414,46-55,American,17,75140,Mandarin,81
325,0fc1d5eb8b1015eda2d448ea061d2e326612618eecdf770ca4a5f98e55fbe268,zain325@example.com,0398347675,55+,Pakistani,2,113535,English,85
326,165bc6564a9b00198a0999bf63679ac05e14dc2d1b0091ddd1dc797d0212d73c,usman326@example.com,0391037304,18-25,Chinese,18,208208,Urdu,71
327,9d681e4c0697a706c2427af8dd37b0b94a3d6772b2ff5c9da5ec6c75d906f9d4,sara327@example.com,0373852247,36-45,Indian,19,237684,Urdu,85
328,02c0e9453a32f2a796ba6a3259bdd616ab55cc8b44b0fb82b1429193eb100697,sara328@example.com,0355520547,46-55,American,19,268228,English,99
329,ccd7bbe49f3c4cc61a6d42bba434507064bb9cce5be24a882d1eba0832a999e6,hina329@example.com,0335880085,26-35,Indian,3,241807,Mandarin,88
330,a85dda30c2bf69dbf9968bd57a6a028c5bf3310e76806f99433fc9477d855952,ahmed330@example.com,0385892270,55+,Turkish,16,459871,Mandarin,80
331,521e4853862b5e795669789078018cf00292ac79b17c5119004897975acce084,noor331@example.com,0376966770,18-25,Saudi,13,328000,Urdu,51
332,8aedc7419989d483f7f14a9b7a6a54c9ef04065e503ddaae7513d3d3b7746e1f,hina332@example.com,0328372339,36-45,Pakistani,2,358089,Arabic,96
333,1cbb78c3e574dfe8a51bde399f58102f4191b897861c9bfda563da4c72de3cbe,hina333@example.com,0361723186,46-55,Chinese,18,447544,Arabic,86
334,f87920a662390656d279fe74ec7787ed6b518ed743e522e709231ef1838c1df7,fatima334@example.com,0329787345,46-55,American,6,428061,Arabic,61
335,6534c3c1e53f7362f762d4521f90a982fa5f3a9c26d97d0df0ace3920da22f34,fatima335@example.com,0356951812,18-25,Chinese,9,249647,English,92
336,12a5f0c25e8cf3b1aa2d2df2f224eb8aac2358fe65fad447a9aea510fb7f3cc9,zara336@example.com,0389591248,55+,Indian,9,30104,Urdu,82
337,55aa851fcb8d8b83c4a835e4bc7188cc50381b950b04936ee3bd320ef465096e,ayesha337@example.com,0332876131,46-55,Chinese,8,304461,Urdu,78
338,22537e3e15a54582360763f7dd86218a953f0ffd5e7e921cb814640fda924701,sana338@example.com,0345127164,26-35,Turkish,14,213141,Mandarin,91
339,6f375929e6605f30dd8e93dc3b19281e70d7067c65544a8d956a77c512166ef0,ali339@example.com,0311380188,46-55,Chinese,17,441544,Urdu,93
340,87aa98eb0c0bf69f285baab3da30a3a4245a8558c56fb2a2f2970dda31c1be1d,tariq340@example.com,0379927631,36-45,Turkish,2,206594,English,91
341,c54ba2ce45b36ea95bf92ca8fc1ee1d6e3bcc28a50db732d103705ff7bab60a3,faisal341@example.com,0368843455,55+,Chinese,17,41673,Arabic,69
342,e76643f04e34518e96f13ad9031e79ad7bcc7cdf5dd82bbcbb43d0bd0959b598,ayesha342@example.com,0340825017,18-25,Pakistani,5,67804,Mandarin,63
343,3afdcae0ca549d34b3df12db6ad5a2becc41ddc3597359b0408e2cc26e76d2f8,ahmed343@example.com,0387513779,55+,American,1,294907,Urdu,54
344,d55ee45037046141e7a0cfefc9a54c31745ee930545d47d186cf80c73d1101bb,zain344@example.com,0347315486,55+,Pakistani,9,150319,Urdu,52
345,091a02943e86997d5f31ed0e0c2b6689fb2f3358269947c13cd77410f8a183df,tariq345@example.com,0337509277,26-35,American,2,96489,Urdu,79
346,4dfb749998fd8ede32459656939090ea6f58603a489063ae05c28d2033f2b873,hassan346@example.com,0364259773,36-45,Turkish,3,109864,Arabic,62
347,7350bb978ac9474cfc70940f94ee093e8ea02cd96d73c4223930cdcdbeaeb9b6,ahmed347@example.com,0384847531,36-45,Saudi,8,433553,Urdu,90
348,c5a964ec17fd65f9e5afe0a8d21b8639b25d5ba29c5e1bf24fee3461504d3b94,maryam348@example.com,0317299243,46-55,Saudi,1,249967,English,62
349,2b1d41fa248feefb96483ce053883b145a22214c39ac90e92007ecc91250deab,ayesha349@example.com,0371781572,26-35,Chinese,11,257113,Mandarin,92
350,81812668eb44bf12973961737907fbb9814eb7d997fdf84288d62903cf0dbf46,noor350@example.com,0383256318,18-25,Chinese,4,155693,Arabic,55
351,3933f3f2ee4a1473b9c91ea486612e3751872e85d273b354dc7404c9c0fdafcf,fatima351@example.com,0394771701,36-45,Indian,2,208681,Urdu,73
352,0d08af312fa0d7a366d9e22de1b6856a6d7fef7be1b74445c2b42ca31ef7c2df,usman352@example.com,0314379845,36-45,American,16,53723,Urdu,85
353,8779d037de023c14aa1eeac1837b40a5a0999f090f324dacb78ad0a4eff3bf65,hina353@example.com,0355330881,36-45,Saudi,1,115433,English,70
354,bb3b288ef82e32ae276972b5269f1344f9ca06230c1335a6eb23cd23d7e4455a,amna354@example.com,0317604323,46-55,Turkish,11,202180,Arabic,79
355,2843c5b8b7c97fa5537e1774ba69e2ea1cd336d81fb13091bdc70e39acb5f236,tariq355@example.com,0316504938,55+,American,7,85361,Urdu,96
356,3cec78026f48d6aa4790ccadf96f9f6a395e6a347fd35f8c14d36580041ad730,ali356@example.com,0330814962,46-55,Pakistani,18,162324,Arabic,64
357,06453b8eeb3289f248f3ac88433c93815d5a6a6f725a81f9809beb3d50dfc884,maryam357@example.com,0392030463,36-45,Saudi,7,181999,English,76
358,cf10c4baa6d89bb43d73bda354b3886b3e0ca02788aa3079dd0157e786770a03,ayesha358@example.com,0386858045,36-45,Chinese,9,250028,Arabic,90
359,557392a8d8105096e555a213e31ef71e921300ed27ffb3a7ad482221f9c1785d,hamza359@example.com,0398121120,36-45,Indian,18,116080,Arabic,65
360,fbc720f61f70e589bc10716c89feb72c10a1bf63fc3b5a3c31e2a3e00d065b75,maryam360@example.com,0312757398,26-35,American,7,122260,English,77
361,7a54fa43a7dd216fe80ff2bbf4de4bbe3294a585696cb136c0aaab4dd870c6a8,zain361@example.com,0339239156,55+,Pakistani,4,176862,Urdu,77
362,f64884c5e08faafb2b26e169e8d2f5d261602ab895e25539b808648602808263,zara362@example.com,0365913120,36-45,Saudi,0,470522,English,99
363,4009b89245db644c82867b5f6e93e72a0deea880c37fae56f1acdd2c82f6e1e9,hassan363@example.com,0317742237,26-35,Indian,6,291504,English,97
364,7a7ce019542d797532774d4882a39863c35194e1a37cfd173e216e35ec8f84c3,faisal364@example.com,0383596864,18-25,Turkish,1,44160,English,95
365,85169eda4ee5f50a3ad43a178ea0eaf344bb07fc957039ca0bc40d40eb84fa94,faisal365@example.com,0368540709,26-35,Chinese,8,256855,Mandarin,59
366,fc4770322c87243ac4217a532ee748f31633da1975c8578fd395e470cf826fa7,rabia366@example.com,0392376464,55+,Chinese,5,265949,English,55
367,cb5855b2fb3b629e05b5706c506518c08e7b8834a8d3b0db33289542f2d740ec,fatima367@example.com,0387645337,46-55,British,13,412709,Arabic,72
368,e78f811dea1fa9ab94b25cf5a5b1d5eb4842ff988bd758a61115b91c37403b62,bilal368@example.com,0391642415,26-35,Pakistani,12,383460,Urdu,59
369,f60aba210fc691c587a87cd46d991f2d98e0c36486e6e85c1d4804eae013cc84,ali369@example.com,0317389434,18-25,Saudi,19,363153,Urdu,62
370,fb69cdd2205b35e929d1e0f564ae91c3c1af2a1f2ae9a16a406b202944f6e63c,hina370@example.com,0364432801,36-45,Turkish,2,467726,English,55
371,b1cc4a48e8e4e135bf1f9bc93ce4be74c4443dc938549948a3ff4007f901a244,hamza371@example.com,0374449270,18-25,British,2,160737,Arabic,58
372,d9a95c265c15ab7080d49eefbe817a918f7acd4726f01c7146c8d6fec6980c90,zain372@example.com,0389607155,46-55,Indian,2,410010,Urdu,79
373,e97227e00d97222f62a224421a2629aee842ff3792adb1e3428e030535347edb,ayesha373@example.com,0356708163,55+,Pakistani,17,67676,Urdu,51
374,06abbd914b5c67150341cc2d2b37216798b982b93710cfa7f72f6f356001a13f,hamza374@example.com,0312784975,36-45,Turkish,3,104346,Arabic,95
375,a4c0cc5d8177e964609dbc67698881016b1984a1aa2a0ce9d397cd6210d1237d,sana375@example.com,0318126492,36-45,Turkish,14,55406,English,90
376,112c5232d7e8196d6c768b0fc9696fc6299ce432893358428eb2d4a33f130065,fatima376@example.com,0394402474,26-35,Pakistani,18,35345,Mandarin,72
377,a702bcab4f6b428e8d97acba7fa14f7c1e886fd1d1bfdd4e35c5367ade6100f5,rabia377@example.com,0371799966,36-45,Chinese,2,391433,English,74
378,060d2d34b9a8e1602efeaf6da3279aba80ef379f00e1de775a7717440c872845,noor378@example.com,0311129775,18-25,Indian,2,132357,English,67
379,3c70ec5a06898f1aaf973f7f60826b196bd5036e3c0cddc4caaa31bfc4f9a368,zain379@example.com,0394745814,55+,Pakistani,0,388260,Arabic,91
380,a85a667a72dc2f2995b785ddfc27ffe6629e2b3160eeaf444cdba800b88dd58b,faisal380@example.com,0371428090,46-55,American,12,469792,Arabic,89
381,cf44e47a6c49f21dfa415cbaf5d12df64c18c7053040c0ecb4883450d89879d0,usman381@example.com,0365984203,46-55,Chinese,13,291301,Arabic,79
382,875bea2bcda7d88c71dbc62b4169bc1b129b2dacbe345c4d3f4c4e977b0dcefc,fatima382@example.com,0343931656,55+,British,4,248178,Arabic,98
383,33a9921fd561818f7e367a7a74c57dfdcbbf57b77eef3a1ace84d24e0b548791,usman383@example.com,0318623041,18-25,Saudi,13,15796,Arabic,77
384,262c35500b11db7d2af8c698d6a4c7c5b805435e023b8112bb3ec73198f0cbf1,ayesha384@example.com,0332421435,36-45,Saudi,1,308983,Urdu,76
385,385ebba5ba63fe029edaf295e7a120ee7e4b4c801c653f86aa09c7985bc9ebf3,ayesha385@example.com,0388437377,55+,Indian,4,307651,Urdu,70
386,a0c35dbb733a81e669bc025abd35c13dcfeb96fec0945244e153ba442fe796a1,usman386@example.com,0334247612,46-55,Chinese,1,183688,Mandarin,75
387,e15ca298df7f41df2918e71b9aa74b4a7fa8200cde70672d813231a49b12d168,hina387@example.com,0381041477,18-25,Pakistani,2,283120,Urdu,54
388,6f7e9a29c41250d41f449d371e069f8bbb55b921cebf19ce91564e5951c5c7c5,ahmed388@example.com,0393177355,18-25,Pakistani,18,245851,English,54
389,7d168507040981184e501147067b750681d115798bf7a13b5fec529755107789,ahmed389@example.com,0317872277,55+,Pakistani,14,285381,Arabic,69
390,6f8b551c4bc0e8505340135026c45ff7961a3d0cfe0326e181327a6c50f7c04c,maryam390@example.com,0318029598,55+,Turkish,0,114647,Mandarin,99
391,2a7647265fbb2f90df7951c229b8b64f3976c67ad58f3db2b55896c0cabca120,sana391@example.com,0365902419,46-55,Chinese,19,75867,Urdu,94
392,2998d6f17d18362d52b3d795c030c8e9f0c1e82ea8acc44b1009afecf15fb089,hassan392@example.com,0312695145,18-25,Turkish,15,53822,Mandarin,58
393,7848942e208e78758d4be961eb2d99fbd226f62f0495b020c914ee0e3d5e29db,zara393@example.com,0344968551,26-35,Saudi,17,400732,Mandarin,81
394,a27fa1753854be0cf20547eac61073e7c1a87a17a610239bc7b5e481290dd853,amna394@example.com,0342916465,46-55,Pakistani,4,382949,Mandarin,90
395,034cbb616336b24141a9eb1c86cc7dd56d2673b63476046ae76c62fbe0c40535,ali395@example.com,0366479049,26-35,Pakistani,17,89622,Mandarin,75
396,a833ace7b60aae84d593ce51fc8cc2d60cc5680e38765204d0a3561ba64d10b4,omar396@example.com,0366947140,46-55,Saudi,15,496626,Mandarin,75
397,fa9dbe230d1620c89eb4931d07bac46201198c1f6e8ddbf901a8ab0129b7e4c9,ali397@example.com,0365181265,55+,Saudi,13,105310,Urdu,82
398,ebeaecdb073899533f88636dfeffd14f29785df2712274d780accbad6d79aeee,hina398@example.com,0319127064,55+,Pakistani,10,370400,English,63
399,f676d8f49788064a551237adcc671b3d69121092a3d7e8277c46c4d270a28c1f,ahmed399@example.com,0392422547,36-45,Indian,6,113863,Urdu,67
400,e5e2bf5fb8a197fe2d52cc4e165656d469279d5682900a8be497fc45faf01398,faisal400@example.com,0323035245,18-25,Saudi,7,343329,Urdu,82
401,5ba6357e984190cd55b3b150006335ce88e9c6898acf649b562296e0967838c8,hassan401@example.com,0341401909,18-25,British,5,51954,Mandarin,86
402,7a87ce8b2209451dd82d8faa289002f045f7b717adc5a692e648898ef031e775,fatima402@example.com,0366139459,26-35,Chinese,10,207466,Mandarin,75
403,7b114068e47c8ec70e22d1b738991dec08a3b71c9b8c91db69a31a4c3236d95c,noor403@example.com,0371366716,55+,Turkish,16,22879,Arabic,65
404,5b08517859ea1a5616e16cbb702cdb4f26ee42cd57565cf38a53d82ddf85f8de,zara404@example.com,0319920226,26-35,Turkish,11,143922,Urdu,70
405,1f30990f6c7f212f02fa30bf886da92c1e0e4dca769da55b00af259592bf6b03,maryam405@example.com,0379836714,46-55,Pakistani,8,353173,Mandarin,76
406,b52d9bae1d65318fd409d81cdc11ba401f4105b27ed9b405d27a386af45d09e6,bilal406@example.com,0350888723,18-25,Chinese,8,300395,Urdu,87
407,03f036aab651bff7e692f2764e0ffb555f2b5537e205259485d9a320b0dcfcd3,hamza407@example.com,0364472962,46-55,Turkish,6,482032,Arabic,50
408,537daaf088268a3c288b17c10470a8dce04a7f0f909877a6b4a4265aa4cc20da,sara408@example.com,0343530980,55+,Chinese,14,151774,Urdu,75
409,b398b583b93b39971fa8532115b90ddfb7f84a62a7b4a5602382fa73d5f43896,maryam409@example.com,0334913016,26-35,Turkish,6,492093,Arabic,80
410,a85002e9fb77161d3f6361b318f80d062473ba1ab5d2931e2ef5738b348d5cca,rabia410@example.com,0338884951,36-45,Saudi,9,314863,Urdu,63
411,b0d3588ae857fb8cf3a3ebd0a75228dfc0a7dbfbbed3bccc0e055fa91a46796c,omar411@example.com,0377087779,26-35,Indian,19,116833,English,67
412,70ea806697ea784a5a7024da2a9712f1a5d5ce12e28866d02dbb8ec53f452999,ahmed412@example.com,0346269092,26-35,Pakistani,2,489551,Mandarin,69
413,5e64b462bcbcddc64484649f737eeabf253ca32c2eb697280f8c0a2966b94ea2,usman413@example.com,0352464437,26-35,Turkish,18,244397,Urdu,77
414,a18132f9951c159796671ea233cd14021e737835bb1fe67c25687054864e98bf,hassan414@example.com,0326829282,36-45,Saudi,10,128558,Urdu,97
415,7c3871edb421be42d574e5e3937a67ad6db03531138e382f0ca118dc9fad7ea1,faisal415@example.com,0349068646,46-55,Turkish,18,92315,Arabic,80
416,45d30f28fcff01cb9f83fc3936c23402b6aa2a19220aee26e9d959bbe28646f3,amna416@example.com,0356023594,55+,Indian,14,129324,English,92
417,04536b7bf9cd22c84084d56481f5ccce0deba070e0fc2192392c217bd465530c,ahmed417@example.com,0374354201,46-55,Chinese,19,170014,Mandarin,53
418,12cbe3d7ed1515c8e57fefc4ec6e1976bc617a3fc962f369c4801210920d982a,hamza418@example.com,0361044565,26-35,Turkish,18,293466,Mandarin,51
419,8dbdb88aa0961be157d6135bc0811b3f854aea620ef9e19de5ca42fb1f895d98,hassan419@example.com,0372922874,55+,British,4,308257,Arabic,99
420,6daba75d5def598a157c04e8af20b3149488d51d061182e01e40e5854c28a67c,ali420@example.com,0389992949,26-35,British,8,95474,Arabic,93
421,d42be1bab12598243a6bda3ee64cff62260d6ec28a1c05b4c24175313d92f1ca,ayesha421@example.com,0348514123,36-45,Indian,6,187229,Mandarin,77
422,aa18793fcf6b762b4d634a40a1652645e555e8dae2d35ddf2c7bd4ec8e9a44f1,sana422@example.com,0315243174,18-25,Indian,9,283578,Arabic,68
423,82e946e49f3190baf3d5333a3189e2057dd94d96cceea6f00cab0ff2955b9069,sara423@example.com,0350374831,55+,American,19,130811,Mandarin,99
424,8de492690f1524240a635b4071f0120828f9248c83f756610aff73b8604aef54,tariq424@example.com,0357989910,55+,Indian,3,134891,English,57
425,6e3904ac4c07498489103f4ed648774bc01b54ebb1650ad621cd4932c950300d,zara425@example.com,0314973064,18-25,British,2,87924,Urdu,67
426,c68ddcb8309ec7ad0ed5b93e3c517977ec46eef663b830e3a92ec1fc157374d4,hassan426@example.com,0313612914,18-25,Pakistani,10,430065,English,71
427,339a264dd09df533833b3cd939fd72a4e1787fe7cd930d9ff708d4ea399ca39f,omar427@example.com,0352994381,36-45,American,3,111387,Urdu,51
428,8c52115d19c93dc79eaf8f166ab2839d06e297da01b85b0c2f9ed8df81edf741,faisal428@example.com,0337132673,55+,Pakistani,6,159725,Mandarin,63
429,e3252155ede763f2e2b8ce99633f7a821ae27a2b88a5560aba1740aa7452774f,sara429@example.com,0377413407,36-45,Turkish,17,479847,Urdu,73
430,a1109fb6775f152fbaf5be723e75e0d06b4d80827a61c121236d87abb1c5a52d,ahmed430@example.com,0359440613,26-35,Saudi,14,151002,English,73
431,2daf3f7bb11469090a9d30b34111c9a923c54bb1fbc6a36d97635677dfb433fb,ali431@example.com,0371753617,46-55,American,10,63915,Mandarin,56
432,18463806611f6a1e82559934ce3190c4edfe15722d79a2f42c129a556e7d28c9,zain432@example.com,0391635284,26-35,British,9,383410,Mandarin,78
433,53174a688203b52a1b93bd193be27f58632dffee6f66109f3880a4c100540e22,ayesha433@example.com,0397684137,46-55,British,17,17373,English,77
434,7414cf1f9a02c5d644d564022ce2f6fa6f75a0d4f59bd1de9aeb6c184828ff19,ayesha434@example.com,0395788951,26-35,Turkish,12,49220,Mandarin,53
435,5b3dbf65b931afda2ddbfe2fa0ddcf439a249b223945237229b875efdc90fa19,sana435@example.com,0339892058,46-55,Indian,0,310336,English,79
436,8b148914cfb39335722894815e70086a5204a75638bfa48ec3d668e027f7aa3f,zain436@example.com,0396735175,26-35,Pakistani,4,498161,Arabic,89
437,7bdc741e9dfd10f9984647fd601dd583babed53c361c4aeac78136400fb01aae,rabia437@example.com,0322377179,46-55,Saudi,13,216900,English,87
438,30125ae124b7c775b2ee1ac0cf4b3c40c39fab10047f1165aa2b22c663491931,zara438@example.com,0383805443,26-35,Chinese,11,447359,Urdu,56
439,ac82036691cc858f5f3c8f2cfd3e73a49ca2dcbbf77fce86b8edc7b4dce28eac,ahmed439@example.com,0331869211,55+,British,11,267758,Arabic,91
440,937010fc9196b1e1e938edd8199603f9d49680a14a1428cf65523e3de255fe02,amna440@example.com,0324299385,46-55,British,15,131211,Arabic,89
441,6184dbf015688e1cddf6816f67e350ae24012348099b05daa176cdfe7b2d14c9,noor441@example.com,0377403222,55+,Saudi,13,19505,English,68
442,f273224b2f6b1e9b902ea7c6419dddd352f2264fae991f47324af05e5d51facc,zara442@example.com,0311247752,36-45,Chinese,8,178751,Urdu,91
443,23c650464ab43f7ca907ba2d0889007b1ff2b57d588a28f677be2dfe6af33c40,ayesha443@example.com,0355318936,46-55,Turkish,11,336424,Arabic,88
444,030fda6b75dcf5e7afe1aacd6fb562b9ce8368338dab1ca3d8eeefa3e85f39f3,ali444@example.com,0386138614,36-45,Chinese,3,320258,Arabic,77
445,5b2a3441804491af9aa92f412e76ad097ba2de954cab0d896467dbdd766ea7fc,omar445@example.com,0341097044,36-45,Saudi,13,47792,Mandarin,59
446,91315d4e4828d0ed3dab4b455704ec5cb0578b55ec56cfe438626af62b5daf52,sara446@example.com,0328213202,36-45,Indian,8,23777,Arabic,97
447,2010676e78121ea5fa8c31ff4eca96c59e23097af249c0e05544f81da9d91a51,faisal447@example.com,0313764993,46-55,Turkish,5,382330,Arabic,89
448,6cc5cd710cd03799049699466902a940169ad97ccea4801ec3487774fd66fa86,fatima448@example.com,0366798428,36-45,Turkish,1,129496,Arabic,51
449,9d814ee29b96f192717b24d684f364775eda08196b3b19ff341357bba91368fe,noor449@example.com,0375516892,18-25,Chinese,1,288763,Arabic,57
450,8945d31e6a20d36c93131d70da92f1554932d077b9825afefef2fcd1bef91159,ahmed450@example.com,0334336228,46-55,Pakistani,14,459541,Mandarin,89
451,4a2f451c1a72ec4d839900ec494f76715bd473de109524ccc1fe23d9e8397755,zain451@example.com,0310667538,36-45,Pakistani,10,164099,Urdu,89
452,481ac4804064e9a2e6847d353a9fcf340f3f3178c88451101a09b12d9161e92b,omar452@example.com,0381370527,55+,Pakistani,7,173384,English,83
453,14269e64cf1d4adf639e3de2b3a8a3eb5780d9ac03ccbd732c6a9b2a19b95e27,hamza453@example.com,0386388727,36-45,Chinese,6,427230,Urdu,69
454,0d2072471ec637746ef5b84347636064c530ce46fd831ed3b649db492b2ceef3,zara454@example.com,0356548721,18-25,British,13,313255,English,95
455,dee0fd55a49478f5576d7e82976d825c559786ecade84e31ef5d969e4e4dda4c,ali455@example.com,0386080405,36-45,Saudi,10,373170,Urdu,95
456,04871ca9099554e6a2bcf0a59b34de5ea1e0c61e7421abb57a2c96f82e5112e1,hassan456@example.com,0341625253,55+,British,7,322865,Mandarin,64
457,12561f6cef024e98eeee7ce6ffe152057409262985d0e9c3ad77ea30cd549160,ahmed457@example.com,0330858750,18-25,Pakistani,14,376445,Mandarin,65
458,6ca8eb3d397a59e1b444a3e06c7457f0c0cd5d4ef7f5cd7fa13fd37d3523c511,amna458@example.com,0326984796,18-25,Pakistani,16,112364,Urdu,70
459,c1ba1e25df86cdfe36d8ab77684f42ac673568af3b7a8fe86326c1899bcbec5a,zain459@example.com,0318865465,55+,Indian,9,308757,Mandarin,62
460,be80af452ceb3e29c72f148c7f62181630e016e15cfd1831f922b4ced0beaea8,tariq460@example.com,0372275648,46-55,Pakistani,14,237629,Mandarin,59
461,9da63a7f0870f71eba96f03d95089fb3dc38a6c9fe495ba4741c3ed4a9949877,sana461@example.com,0363347272,18-25,Pakistani,2,457370,Mandarin,59
462,8e8c1d0e30964b34a978840c294c28f7da8fa9a0a667f4e8eb7a9598141f1113,hassan462@example.com,0390470704,18-25,Pakistani,10,77005,English,85
463,e01a848e0d0f1b070f6edc85b8aa1057762e12f3f1939c9228c95dc1d4002397,fatima463@example.com,0347391910,55+,Chinese,13,420423,Mandarin,50
464,dd50d9ca71946e4b5feaf2650f7333baa9b80ba1dd633407725cae8b4a963177,omar464@example.com,0320457143,46-55,Indian,11,123655,Arabic,62
465,b1f3b4b7c4fa30cc8ef99ccb81c21ead8f836dea737cda37e45b4a8585e64bdf,sana465@example.com,0377730611,36-45,Saudi,3,239171,Mandarin,56
466,2c4b9a98f94093b453b53b53dd3b2950c5f926c7cc796375e55738d5d8e1118b,usman466@example.com,0343850844,36-45,Pakistani,6,84123,Arabic,88
467,992c8056a3c1ca64a21d5e0208750bd35152efcbaad1e5fc1d44158d90af8c7e,sana467@example.com,0372366569,26-35,Pakistani,8,350321,Urdu,62
468,efdece5c197f57d975955ca5429b808c8497b1d52f4d0c33f214c6eee5e1a583,noor468@example.com,0384559926,46-55,Pakistani,11,55712,English,62
469,98cf0ddfe76d3faf61e1b3e05b8c10af8364da241fea328b4559002d6f3e6441,hamza469@example.com,0328999710,55+,Chinese,14,378862,Mandarin,64
470,a8bc8c8a14061b9544bb8ec461fa8d1b549bb5f4117d4c9b8e72806508a28375,zara470@example.com,0386033299,26-35,American,4,486872,Arabic,57
471,01aafc6a2b28bed9922e094459b8353b2e199ab8c795927f93a55ba94074ae9d,usman471@example.com,0364271711,36-45,Pakistani,12,371462,Urdu,94
472,66e62e145059c7ea734796715ef701546d9a0628544142c43998de93691362e8,fatima472@example.com,0374898078,55+,Chinese,10,201285,Urdu,62
473,b9803b15191a6d0857f8c22ea88f248304bc3f51ace684115d4f71d20d7d366b,sara473@example.com,0321472170,18-25,British,2,401214,Arabic,56
474,1cce76b2ca8894cbd485dbcffcde02d66eedcd55d6c6a4502bdc6d8eb92091aa,usman474@example.com,0325049125,36-45,Turkish,12,455988,Arabic,99
475,6507f4f251b373638f0f99d1ccbaf8a9e7cd1a1df038fecf1d9725ec37fb0668,omar475@example.com,0398220245,18-25,American,0,188157,Urdu,91
476,a7d10640a8d6d39e8e8bd5ad1fb097397199a4e4f785ba22b8b4a0fb2a4d59a6,bilal476@example.com,0333411915,36-45,Saudi,9,296076,Urdu,78
477,8a34b440bcced0a3b19632d4206a7e866818f7e6b2836d8f3b3c188f6bda127e,fatima477@example.com,0398337521,46-55,Pakistani,15,222498,Mandarin,57
478,f7f416f9263553eb85f22f1e688278b197c0da590f3cf5f785c014378d279f07,usman478@example.com,0318966309,55+,Indian,8,262515,English,80
479,13357fce1b6adb2e6239b5c51b141466887ba4f05419135ff3de0da467e38bc0,omar479@example.com,0346425515,46-55,American,16,32606,Urdu,88
480,59e1c0c747d64e407d5aaf69f2acac77329deb69721bff9440bfd5116fcd6258,bilal480@example.com,0389646633,46-55,Pakistani,6,411809,Arabic,81
481,3f358e844c65b4a5bd04a542c9543455f58f1f99afa21d0dfae5e98dc36ef80e,maryam481@example.com,0393399173,26-35,American,10,423811,Arabic,83
482,8ea732d0e342020728cee3f5102df49e7db40622a4e596fc82933c32c3c1df59,omar482@example.com,0362717797,18-25,Turkish,4,247777,Mandarin,57
483,5be53134b0abad8335385a892321d3d0ad036747d3c8a35dd75ce70094655f74,hamza483@example.com,0323553496,26-35,American,10,305305,Mandarin,61
484,685da18dd8450ce183ceb0321e713ca3fe3f84b3eb78ba8e27c1ae36db0e8a12,omar484@example.com,0365977460,46-55,Turkish,19,403348,Arabic,58
485,50d2c566da2d0f4cd02196cdfe39e0c17d7be457c72df8ee65e637b9c5061989,sana485@example.com,0382682809,36-45,Indian,15,246981,English,71
486,b938de62d0df024b6fb137d26edc1987ab59c959582ab96cf9612d48e90a2725,hamza486@example.com,0320315271,36-45,American,18,379997,Arabic,86
487,0e6d6f942c71973b9fa8d555740f9d2135ac2298b9bf5035b231f894985d0054,zara487@example.com,0344118321,26-35,British,7,352176,Arabic,93
488,7ad2c8a99c80d7ca97784c52c9aaed27d23f5b279be4ceca87e998c8887c367e,maryam488@example.com,0388784753,26-35,Pakistani,13,98887,Arabic,74
489,a6ffcaefc7abbbc9da35e4e101bbf3eb856f0aa56a3f23885d1765523e06823c,faisal489@example.com,0320627772,36-45,British,5,99299,English,98
490,68bfc2b1151f6412d5b0456f1153f6ab0e9d74c803011edbbdb3f72526ef7bdf,zara490@example.com,0375405995,46-55,Turkish,16,346698,English,84
491,757385b340a25155da26f91d4d1e2252a90bcef4813bd095e6e12e08951d892a,omar491@example.com,0373672831,26-35,Indian,11,188394,Arabic,98
492,f96a552d5a8a573de785f37961244f3eb1a4df95e850b5ba7a4e3d92771f8898,ayesha492@example.com,0380228195,26-35,British,5,289365,Arabic,90
493,de1857c79a63ec5d197c013e70f4929a72ca8daf5e572e989de87f8ab9a083d1,maryam493@example.com,0389064353,46-55,Indian,16,182903,English,61
494,d9753c916c692de1ab9d7ef10d42ecea57ef69e4de1c6d251efc906094ce0d4c,sara494@example.com,0318043732,36-45,British,17,217028,Arabic,68
495,a4677f6e22aad3fbe26572322b7862a0e919f745ef399d375d3d72d993a97366,omar495@example.com,0317252270,26-35,American,15,266682,Arabic,98
496,760ae2b9b9f194ae3fb382af06a605bad6ce23f5cc46a8bc73a0d4a91063ae10,maryam496@example.com,0353133323,55+,Chinese,6,223869,Arabic,50
497,3a38f8602860e7903bcf45339e661097d31209365a71977d1559ae7de0a79e3d,faisal497@example.com,0368732592,46-55,Indian,4,347523,Mandarin,74
498,7b47a57ed9134cac57fcb4415354185150568ce68d56b56e678fb21ddd9f5579,zara498@example.com,0396865798,26-35,Pakistani,6,471024,Arabic,73
499,1217dad584536c776728cb71a304d970153d039dc6b50cd210210f178796a7f6,faisal499@example.com,0352817546,18-25,American,2,47310,Mandarin,85
500,2472e4a918b8daff201ba8833a1de524210ad50ba76c1457aeeae3d94da9ab82,noor500@example.com,0348177208,55+,Saudi,18,311033,Urdu,88
501,0e141867a4528bc11843765d4b258577aec9ba25b937ba1b51b2441ffb98bcd5,hassan501@example.com,0392219351,18-25,American,1,52438,Arabic,80
502,49283a13d50cdb8fb65932a8f6a5df1dc218e4622834e4a605451cbcafc4fda7,maryam502@example.com,0356922716,55+,Saudi,1,298102,Arabic,60
503,77f709c57fab8743b5aac133fc32d3b02a1e51ffc7144583101e66ff0fbb0735,hamza503@example.com,0389324705,46-55,British,1,297740,Mandarin,88
504,a2f3609469c43c6f0873b90797a18e762bd287fe382937da2f9127bab5818224,amna504@example.com,0327866316,55+,Pakistani,11,490891,Arabic,56
505,e50f0164a08724eb69740f12fda2b6f754198d9f7e549fa9c8eae0380c5e1017,usman505@example.com,0377493767,55+,Indian,1,267320,English,60
506,0c3767f39ff644789b83dc4112bcfc14fa742827499b44708a1105c3fb006b43,zain506@example.com,0395654487,55+,Chinese,6,210658,English,92
507,40ee4d58131ba1f0c8f7925df4d3d941f8313e063e754376794ca3cb5aa203a2,ali507@example.com,0367003676,36-45,Saudi,1,179746,Mandarin,55
508,e2e7813360c2ba2c7489fb440c574df997293a6dc3c043ee5bcbd59f094ed0a8,maryam508@example.com,0389881819,18-25,Pakistani,0,244622,Urdu,55
509,cab9beffe6d29ce8aea00d01c8766c88649326c71cc0cdde9e35ca89d0604077,noor509@example.com,0393479057,26-35,American,10,131280,Urdu,86
510,7078ffecad49cbe6cb8cb44d74084825cef30b3cdbf10c8475b1dc2c60f4fd2b,usman510@example.com,0367352128,46-55,British,17,83704,English,80
511,b40a1939d0cfb2f513badb27f3be682faaf984c8bd1f4a0180418ff55ac7419f,ahmed511@example.com,0316877037,55+,American,4,279209,Urdu,66
512,e6fe06a30e2ac01d12e4ba0cc64ce327c8c480d92042806829e13913659f026e,amna512@example.com,0357350357,55+,Pakistani,1,146694,English,54
513,a5d2dccfe3036f1cd7f3c81a2c53a9f35ccfccfcb35eccec5cc3417e3fa86db7,ali513@example.com,0320448643,46-55,Turkish,19,490916,Urdu,86
514,6889a9efad6787fed2fc5f256864809f689dbb51466e29e62b5ecadaf83b0445,maryam514@example.com,0370127832,26-35,Saudi,6,32995,Urdu,63
515,3ccceec01b2f814eecac641726bfce180ee2bb09f3b51020aa6635c8904cc1f6,usman515@example.com,0366575031,46-55,Pakistani,13,80799,English,65
516,679e6ceca15e1cb00256fc7dfe552f0dcdb961ef7d0b689edb30e3af45bd8c65,hamza516@example.com,0398835411,55+,American,7,326759,Arabic,74
517,3b6f6ffb8aea51ca8257ec02a84adfc18c74336a7fb80e923fc19ecc72530c97,hamza517@example.com,0335176338,18-25,Chinese,14,76133,Mandarin,59
518,f08a9669f988262afc3db7d8dc00c4357b2077df4052a5ef97e47058e2a6ffa4,ahmed518@example.com,0365422929,18-25,British,12,336944,Urdu,75
519,050f28e3cdae0a2ce1259159dbacb7485f5af9bfb5bae2fd0fced96650147644,amna519@example.com,0349786906,18-25,Turkish,2,473598,Arabic,98
520,11e80030bac33d0849d85e0cb334b11f2f00905d79a0c638b3968ccbbf16cefe,zara520@example.com,0375823714,46-55,American,11,448748,Arabic,66
521,63717e26299e5e2e1e36a27d24956bf8fe3d74d401de2ee8878f7ab1f1e49353,hina521@example.com,0348030119,18-25,Indian,19,440282,Urdu,83
522,6152e95e6080c810139dbd3480c0ab3fc951ea32eb3233fcd6dbcf1f25f9b14c,ahmed522@example.com,0346046153,36-45,American,5,286835,Mandarin,61
523,cc6c786beeab0ede588b2d087e0b4df1e82423aa42d26bc9c74b8dd21aa80314,hamza523@example.com,0343753974,36-45,Chinese,12,387636,English,50
524,37d7e277dc07ff0e0cb28826431888b69fa9b107266ec0eef3e8af40d1632fa6,omar524@example.com,0344777477,26-35,Turkish,8,374119,Urdu,64
525,d3f5ce2a65e23b0fc9756416c30abb2ccb05e015df740df05308e0a71d29628f,ahmed525@example.com,0317297881,36-45,Turkish,5,386053,Arabic,91
526,899aa8c312b8e3ee9e7e916e7ab1ccd7801de7f3e978f4b434519d4fc2d69e04,hina526@example.com,0383747648,46-55,Turkish,3,331465,Mandarin,87
527,0a10a9b617ea3991f1513aae0c168b1efb98ea16457700b8d05f08d40928a582,ali527@example.com,0333100170,46-55,Chinese,17,289078,Arabic,60
528,c13ce195501ec96ec1eade5c3e5e62751eccd900c331aff391afc245bce469a9,sara528@example.com,0332713635,46-55,Saudi,0,457628,English,90
529,7e209d99ce0c50bfdc7d2565d6630b60e7d6e45904cee52a36e60d2fadd8be3d,hina529@example.com,0371739321,18-25,Saudi,8,415257,Mandarin,51
530,4d11b6f0400dc728cca2921eab990a6e5ee029c88f94002775200863b27692ae,sara530@example.com,0337299045,36-45,British,5,414802,Mandarin,60
531,b8e64dfb86ff9a0848d4405a51d1c69e613a4880c358bb00e5606d2e2a929b72,zara531@example.com,0328677518,55+,American,9,449717,Arabic,99
532,958a35f773e0e17e48f47bf3529a0373f5a4a76c465ae0d93da6a7b76358b475,ahmed532@example.com,0355110158,26-35,Chinese,19,234872,Mandarin,51
533,0e4901b71c61db944e06a47fe0f0c356d2f1de6b8daa0942f49cd72f8717d629,tariq533@example.com,0398561511,46-55,Chinese,10,411049,Arabic,87
534,63fbaf4651b178c1d25c1da7b11c72541048591fbf841b48e2f76c701a8469db,omar534@example.com,0323224541,26-35,Indian,10,117584,English,50
535,afb3e2f51cbb55a7e290b1f8399ca53b53efdec61be509643f14f6903ad05f71,fatima535@example.com,0322750721,55+,American,3,403086,Mandarin,71
536,1a0f272f11cb6075d3ca484bb0011fb3f345b3d27319c6f0adc3e3f5380596fd,hamza536@example.com,0393971475,26-35,Pakistani,0,22055,English,85
537,b1ef3652333a0739fe6f7fd3f12b971e9b4ab39d77197a0da3915a66799cfbb5,zain537@example.com,0354641994,46-55,Saudi,12,224223,Mandarin,62
538,aa19ae6b77099cd157885326aa04ef6676ba282e0549bef57edfb1ba9ce0c03d,zara538@example.com,0323748887,26-35,Chinese,15,190645,English,50
539,55377296bc6f0375a58e601d8a508036d17baa474d8cc9f17a05d34cef0ab63d,hamza539@example.com,0372008816,36-45,British,2,192058,Urdu,86
540,470587cb11a63bc7421f8077570b7ae1e749ce1cc1bdf2af9db69b1555650147,omar540@example.com,0379254841,26-35,American,10,125074,Mandarin,59
541,d997f6f526220ab2d6f3d60c6b97c0fd6badea1367c0fbd75166c93a31d65b32,fatima541@example.com,0348145210,26-35,Turkish,11,164030,English,79
542,285f4532dcd4d84f8935268ffa2885508ed8da87c9311c5c9e3a72250a40c4b8,noor542@example.com,0321287967,26-35,Chinese,18,456848,Mandarin,91
543,989fdfbd85f95fd7d40261fb3b9b240cbaf1e1e7a5530ec34c5d9b6841f298a9,ayesha543@example.com,0367773185,18-25,Turkish,6,43734,Mandarin,76
544,6d871528149250b4c94bf5b20cec2f24ba98e01a105a88bd619fec4e1624a14c,omar544@example.com,0310671253,26-35,Turkish,16,105872,Urdu,69
545,9918008bd8a2782312bdd254a09e9be37a2e429783632a604f1b1d3adce01005,fatima545@example.com,0369414068,36-45,American,7,26940,Mandarin,58
546,8b651c6eb84518e02c8fdb27b126f954e5ad9f75917ad431c9251eb3526e7ed0,amna546@example.com,0367245800,26-35,American,9,419898,Arabic,58
547,e80715991973c813fca94834caf0f27d7f0f3aefaf67e251ea13fd6aed588b14,hina547@example.com,0386692527,55+,Pakistani,18,386356,Arabic,68
548,b8e4e45141cae4f7dd2e429897490479ccbcc5e9f9099d031981c0a936b116b0,amna548@example.com,0326780412,18-25,Chinese,7,445132,Urdu,82
549,a565ffc32c390eb719bc4a61e41e8cd2317323c46572fce8d5ca2c29472a179c,ayesha549@example.com,0370190273,46-55,American,17,126074,Urdu,59
550,0cf412dc88f914d2a30e6b7cd4dbedf36e83e2b17ef76150fb2f1b5bf890ec2c,hina550@example.com,0313636119,46-55,Indian,3,263516,Urdu,62
551,ab21d81532e31bf442b3d0e8109078a7669ee5965dfd7db06d08896fe021b2ab,hassan551@example.com,0326450961,55+,British,1,111551,Urdu,68
552,c979e5a1a19e7437b38add24d8a2f58d16acca825a3792a31af9804d138ee49d,bilal552@example.com,0347471432,46-55,British,6,263564,English,50
553,76717f01adfc685fca54aff3901f923b7b387c5b8d1cee47b42bd6fcf29735c0,zain553@example.com,0340948393,55+,Pakistani,14,157214,Arabic,54
554,f4d818bccbb3f1e42d2ba9833962ee3c038adb99d4709164ae22d58cd9e0a20e,ayesha554@example.com,0336424936,26-35,Turkish,8,300006,Arabic,72
555,accfeb911d1373347e567a041118af86e900084b67326162e36902f5a6cbf622,sara555@example.com,0361897624,36-45,Pakistani,5,222854,English,58
556,ec151e5736ce24b406a887de93d7c6bd5d46483307d3c780c3afa4ce2c6fadfb,hamza556@example.com,0334037435,55+,Pakistani,0,360002,Mandarin,55
557,0f03ac0539977a57f19be9f3aea2268b70e98edf2b71a94fb11ee2b6df22006b,tariq557@example.com,0318593188,26-35,Pakistani,13,421811,Mandarin,64
558,e8d7f1416f71668f43a61c6c3c0230a256b6a1740f272b87c3ae938a6a605c8b,rabia558@example.com,0371416967,26-35,American,15,476516,Mandarin,53
559,fe6a8e7b0c3c0dc052c26bdc8da0916bcc3d2b8fd37746f1742875d7b04297fd,rabia559@example.com,0357698365,46-55,British,7,254453,English,86
560,c5fdf74cbba319de95c83a76302d97b458c40f941230cc9bced723a3e90f7ec7,sana560@example.com,0378359708,26-35,Chinese,9,437686,English,50
561,15837cf683ae41bf98c597cee7186726fbf063869ed2725b86082d79dcc39b72,rabia561@example.com,0366479526,55+,Pakistani,14,86675,Mandarin,69
562,44cb33913d1491d33092f9f4a2494709b85e24a69bf5d5d4067d05d53df62c11,usman562@example.com,0315236840,26-35,American,13,330032,English,88
563,8fb326ab73503b66937bccfde9a82304076773301feea1a6844fdaf24d10a607,hassan563@example.com,0367502012,26-35,Turkish,19,187216,Urdu,50
564,bcd0080223af893662448425bf7af13fb09ee551ce29caeb4dfb4cc0f84b1467,amna564@example.com,0313683460,18-25,American,15,266620,Arabic,66
565,855e585212d4992c95493bbc16aa494c9e96fa3227729878fff8fa6c65f67c25,fatima565@example.com,0331196641,55+,Turkish,10,251435,English,81
566,9bc9c9f6cac378df1aa8d93c4c030947a7b3f9a1a3d00fd4d969a7aa2698a65b,zara566@example.com,0327881404,36-45,Saudi,16,417022,Urdu,59
567,35476b4e33a100469e2520aff9cee8206ee816a1c0ac3c38776ccd22d7ac868e,zara567@example.com,0360543111,55+,Indian,17,307668,English,79
568,111c707a868395b4b73a16d7e1a0b3d79dce25a408c5dd73dac6d7145932169c,bilal568@example.com,0365068560,36-45,American,15,420568,English,86
569,4a78d2363615effd83fef20584c60c902de20d05c556f42a4b6e7fa56dcde9f8,ayesha569@example.com,0382223875,46-55,Turkish,2,303128,English,72
570,0983ad68a70d04dbf6247bbadc985ae9c987b5591be2b1b53efc1636c1086d64,hamza570@example.com,0391186251,26-35,Chinese,10,384345,English,71
571,671b8ce4b7a5e45c57cacfa3f655c825fef36feebfcba6975ddfdd11084230be,maryam571@example.com,0375939185,26-35,Turkish,1,101679,English,65
572,9beb587a9824b8b3a6927f3bdd8b16c23fc03f38eb253588cee62c944ec756b6,noor572@example.com,0395225163,18-25,Indian,7,121023,English,62
573,4018b337c548d0237653469066819c8e48c3a40d25be240fdf6a9530c838e2cd,rabia573@example.com,0364222350,55+,American,7,439385,English,54
574,991a016cec9110ab88120f55eb6bea87a5cb64c44ad13ca14111d595bf8b798e,sara574@example.com,0311199217,36-45,Saudi,5,451722,Arabic,92
575,11450b24d3accea94a276d05e6dc643d2bb6cc77c4e5b59f2ce7e1203fa7aa4b,hamza575@example.com,0346504340,26-35,Pakistani,17,275033,English,75
576,919f4a3cbb4442f5f6ee478c3d8bbbf51b87b9c9ebc0653009aa1e6d42132268,sana576@example.com,0372072733,18-25,Turkish,18,218542,English,53
577,5524e4ded50ca3bef3675fb0f19e3253904e3fa6024a244e309dc84f777300f9,tariq577@example.com,0342251324,55+,Turkish,13,430547,English,96
578,4d3c1ba9099f30f88c57a97a3641fd7ad6fe1c99c3217bf75a86454ac869def9,zara578@example.com,0357670630,18-25,British,18,306773,Arabic,78
579,50c1c1bb1c2a26d818789a765d58ece4a6e4e81ff5adffdb6d9062dbe057c553,tariq579@example.com,0322707658,18-25,British,6,41385,Mandarin,71
580,8c8c6bf08e05df343cb9a30b5bddd9c69633e4e39b7d55d107417cb9e11c0a0f,faisal580@example.com,0397044626,26-35,Chinese,8,313075,Arabic,96
581,58fb15b6fac832c5445ac72c5621182d02a081030fe7ae005b8f16b56ba88749,hamza581@example.com,0386618252,18-25,Chinese,1,307103,Urdu,77
582,f1cd90fc69e0b1208dc701c79dadd8025c934bce8833bd3dcf38138668bffbb3,faisal582@example.com,0370024396,36-45,Pakistani,12,225838,Urdu,81
583,8b35c9f33c25e2d71cdcb157e3498a738a5be5fb6e319e945419e03fa3c680a3,hina583@example.com,0379167585,36-45,Pakistani,15,399057,English,81
584,ad5da53bc55102be76a705caa81270f6aeaab770cad74ae40717a0b752cad931,ahmed584@example.com,0382502197,26-35,American,4,102264,Urdu,90
585,0dad433bfd999c50a98a04e90d77e2f898f983299bdde3706a10dd36d59f9923,ali585@example.com,0364214985,46-55,British,9,17086,Arabic,63
586,cd842aab67c7e3ea825ccdbde56fd2e8d85abfffc4aec8efa831a801c372aa7f,sana586@example.com,0393201573,46-55,Indian,16,471263,Arabic,51
587,28b31b7cc50c01e2509e2ec9ae379440a15cc2e19915ec578ca81ed4689ed511,amna587@example.com,0323346122,55+,Pakistani,2,326689,Mandarin,96
588,b7f8921bd3ad634fb9bc1058517444a7d0f8391838c243864b18aa75bfe3f9b4,bilal588@example.com,0335281805,26-35,Pakistani,7,120777,Mandarin,67
589,b846afaa8cc5fea73829f5c50e7caba35293dadb757e5e3fafc8e6371664ab42,hassan589@example.com,0376676125,18-25,Saudi,18,340439,Mandarin,57
590,a22005b97899a4681113f5b036bc3d2aa78921accfc0501c24042a7daa334227,usman590@example.com,0388897374,36-45,British,11,444174,English,66
591,2c44818ae5bdd8a615f103d01f8f2ece26fbc7e97a744b1cbf1400c551e47352,ayesha591@example.com,0398750992,36-45,Pakistani,11,312756,Mandarin,60
592,cb1ad984450e0bb19a9547122258a5608e3fc2d0f75f9756f5e4a43ccf60973f,fatima592@example.com,0399138451,36-45,Indian,14,365437,Arabic,57
593,04820aa195742b17d8bae3195bb03fc06473be55a338c710926816fea54a8584,bilal593@example.com,0379049347,36-45,American,7,359230,English,93
594,5f9f3ac42d3fe67ededfa46e3f7b26a47d1a8cb59efc0584092afa96195b98ec,maryam594@example.com,0383934575,36-45,Indian,19,408163,Mandarin,53
595,1f015cd618b294b274b5cf635a9fa1d4bacc49616db98ea8ffdf9a72e6907510,hina595@example.com,0388076554,55+,Indian,8,161043,Mandarin,58
596,aee68ec656ee0676f36a76a545297b13541c3c3f20c89a0f0f7c3331551bdca6,tariq596@example.com,0355400140,26-35,Turkish,9,71260,Arabic,77
597,793ba225a3cb8bac7e1c739bb380ffbedbdd6632dda45a70ebaa5ab13c059544,amna597@example.com,0321488057,36-45,British,16,324444,Urdu,77
598,46fa4eac46241c5d8e6fde8f8c804c90c7171c2ab76f0da3fd5126c40f5df473,bilal598@example.com,0380025460,26-35,Chinese,12,345417,Urdu,82
599,895c273bf444d3addb253388da7ff3a3b6c8dfe01073be5424c7eba2dfda243e,omar599@example.com,0337631757,55+,American,14,176239,Urdu,66
600,a5141b41f8f277ecfe7d3d823ebc22b787857d59cf18dd9f8d463faebc9093ff,amna600@example.com,0341074455,55+,Turkish,14,448895,Mandarin,51
601,4dcf9cdfe3a41aaa3e3f8d90a09b092863fab6ad62c35b30ceccbdedb56613a3,fatima601@example.com,0331574879,36-45,American,2,19852,Mandarin,69
602,1928ba460e808ff12ec832dc21ed9246828abde895e96d80bd99a6b630f8873f,ali602@example.com,0379041167,36-45,Indian,16,436941,Arabic,98
603,cea19bd52c6a2fbe451c9443489776968e676a85a152404835378ab7ebd23051,noor603@example.com,0310386354,18-25,Turkish,11,97566,English,77
604,8d3996e23bee8b822b9b463058a561051a9d9fdb9bd89299d51501e336e06931,hassan604@example.com,0316288893,18-25,Indian,14,496598,Arabic,91
605,3d1e8f0f39333589ae1466c16a0d33581fe80134ec165fa7a72a643a9a6ba237,ahmed605@example.com,0344087469,18-25,Turkish,11,60762,Urdu,80
606,880fe98fe4e829ce8c29311b51da6e045bc576092ba00755b698a8c71bf9abe1,bilal606@example.com,0327204925,18-25,American,18,168785,English,69
607,04b9f0cf759be7043cfdb0756754abb079527b3c10acd559f0e3f74d70ab9fa7,tariq607@example.com,0320190880,18-25,Turkish,8,32369,Urdu,72
608,99698ce13d28348fcbdbbc43ad3770b96e399e5616ad06f3b4c652be29d70d0e,usman608@example.com,0320339460,55+,Pakistani,7,108575,English,97
609,3f826a3b3a3a956496c77badfc0ec37056607787ffbc7c295b4a5c37e3c6e882,faisal609@example.com,0356682092,46-55,Indian,14,37328,English,52
610,74aa23e7492224eb679b79060bc353471a9788c46f18094978735fd020487e16,rabia610@example.com,0399674853,46-55,Chinese,14,201848,English,52
611,2448f6d065eafc0baaa5141974e55d7a8c9f3a548e47633352d1d6545e1dcf85,zara611@example.com,0388422025,18-25,Saudi,14,72784,Arabic,76
612,4647e32636537036477bef9bdf69a7636b5e3ab4b203f90e3767cb904a7f9bda,zain612@example.com,0383006026,18-25,Indian,6,372578,Urdu,78
613,f544ecb21efeb02dc5598ac1c3183ada982a54202c03b05bba1f5eccbdc3c7f2,sara613@example.com,0320129678,36-45,Saudi,4,352902,Mandarin,79
614,f2db89bce2ba53dfee898c5b68246b30d32a0e5794614e1f07b3f8356c55b590,sara614@example.com,0399042451,55+,British,8,79672,Arabic,75
615,ded9bf3304b7402e40caedf62dcf388d7467a679878e9f2bb52a6e8429f1ac65,bilal615@example.com,0327271425,36-45,Indian,15,81688,Urdu,77
616,8c894df2b7d019a1716e8731a7136387a713ab631d255bcc12fb00455dd7d176,ahmed616@example.com,0356410650,36-45,American,16,144693,Mandarin,50
617,c5dab002bfb590a93e9ef8618bde7881317e9aa7cc92fadc20b54cce04926223,ali617@example.com,0374433202,18-25,Indian,7,353862,Urdu,64
618,ae25522f59b0915522d359890234b1c94fce934d376648db2b4f5c2cacd19cea,faisal618@example.com,0347877674,46-55,Turkish,3,260272,Mandarin,85
619,5ceff36676e669adc644fd6365df3f77b6734366a698a6df1a5c2426e81798cd,omar619@example.com,0350457970,18-25,Chinese,3,374691,English,90
620,d7f2d0a515cfa9bc72012596e9601f225534294aad1b40badba027a3d8793ea3,amna620@example.com,0381787884,46-55,British,11,400845,English,79
621,88b84c29479e84fc9d79edd9cc575def3ac860aa3ccf2c308f145d99ffda104d,omar621@example.com,0357814123,55+,Saudi,19,139560,Mandarin,70
622,0041008b9b81be27cdf1d5594c3a74486826dfdbf84b91c187cde52a2edfd214,hina622@example.com,0395071640,36-45,Pakistani,17,142797,Arabic,74
623,10dfcda052a77fd1d4e14734053dce77241018aa1e271b95e8f17cd8e8e876f0,ahmed623@example.com,0313087714,46-55,Pakistani,13,478224,Urdu,74
624,0e20bf66d9e557a3de968e54ed826ad17d5f87e39f14abedf5e82dcb31c0e2d8,usman624@example.com,0353250106,55+,Indian,8,271602,Arabic,72
625,4c9a759b80e6cea054f85fee7770c45a932dfa5f986ec5194cbf9f174eceec6c,sara625@example.com,0365138447,18-25,Chinese,13,26365,Urdu,75
626,9e8b2ba9cdf8ff0421588f5beab9d5377c9e3c51862fd8028ef6d3fae6d8ab4a,hamza626@example.com,0329646137,18-25,Saudi,14,404411,Mandarin,63
627,5e7a99bef34eab536e5f09a824ece450872776c226fe64188c7f56c6c635fbc5,maryam627@example.com,0347782748,36-45,Chinese,1,257066,English,84
628,8b8476325bc540ce745a0d54b12d0e2a33aac305e8f359f19fea958f078110f2,noor628@example.com,0367593159,46-55,Saudi,3,273053,Arabic,91
629,3c1bc226fadef2680d89f4c060576c489559fb121ba44f0c72708310ad50466d,sara629@example.com,0359285503,18-25,Pakistani,16,385910,Arabic,81
630,13ed28d5d3d2e110c7904c62d65d007cca67ba5215564c22979ebb38dcf28a45,zara630@example.com,0312459507,55+,American,1,142475,Arabic,73
631,9ec3ecd6e639ce2676327e8b881198cb2e1255446adec7017c02df9416967e7f,hassan631@example.com,0317518933,26-35,Pakistani,8,35651,Mandarin,77
632,0c518a8443bbccd3d8421297b805e767fb189743d0889566977b0b721c947c0f,usman632@example.com,0373625792,18-25,Saudi,11,140697,Arabic,86
633,d4dbbd3fb4653230dcde8f5626194f6d127ca66dff269132ba264b225424d2ae,sara633@example.com,0363304529,18-25,Turkish,7,47067,Urdu,63
634,3bc0b859f0f2b77bd1cb6d28dd791a395eb777a81c613fe7fb3b2042b5d1b0ff,fatima634@example.com,0394404041,46-55,Saudi,6,173944,English,59
635,1de4915063f6701d67c62884ccc828f4453eaf082c6910f44a020074f7e76523,hassan635@example.com,0337856367,55+,Saudi,4,319878,Arabic,99
636,9f622f532063ee3e65dde66f9259cd33bd82f9fff8a9856fdd6f4934d903ceb0,hassan636@example.com,0313871018,55+,American,4,21319,Mandarin,53
637,322d58b520cd8538719a288d2e324524ca3fd4469866f94e7dc8811984cab326,bilal637@example.com,0371818606,18-25,Saudi,9,368780,Mandarin,72
638,8c0659487ea7aa3d0a987469a54eef24bac0e152f980e93eb7c109cb217d4d77,sara638@example.com,0315210558,55+,Indian,7,441915,English,73
639,52349b319f19f05c5b2db1c635e16486aafae5a1947979f889e9966bf7d03235,tariq639@example.com,0326208313,26-35,Turkish,0,122143,English,98
640,f64b51b3027c0b0140d50e1d7a7a185727526d01a73b81de7f75e7d09d68f6d0,sara640@example.com,0352742328,26-35,British,17,330326,English,75
641,8ffcfad22bbe9662a21aefb3ba51cfaa478dc27b5af042e1c0ebdd486937524a,maryam641@example.com,0374658245,26-35,British,12,175640,Arabic,56
642,adb890e357668a15fb673828dc49f7810f51536c98a6bada4b675eead811bd16,hamza642@example.com,0385178888,55+,Chinese,2,332338,Urdu,70
643,acdee3443044f0ed2f145f0dcafd43a3b9a06203d2d24ce63e1e05fcc2693ff5,hassan643@example.com,0349203166,46-55,Chinese,2,136839,Mandarin,55
644,3a1610090696e41ae8ae6e996496c86875491be4d2973be4c158c9d898e3c562,omar644@example.com,0334293885,55+,Indian,0,197167,Mandarin,68
645,24dd4e9c48e617d8167d25eb98c82328124ce577d4aacbdaaf34b596d92a67ed,hina645@example.com,0353848928,46-55,Saudi,1,374735,Arabic,63
646,ee6ebae1cd54c93775ec83c235708061b0636fe705f872b7c2e11bc326e89a49,maryam646@example.com,0346625042,36-45,Turkish,14,409749,Mandarin,58
647,6d9e72c49a3d972c5f9d821dca1a450280471fb348ef37033fc9fa03fab49ef2,bilal647@example.com,0389321956,46-55,Chinese,5,199977,English,77
648,1830fbef2016d58f17542fe1d5f24c12aab28fcb349ce5f755b387788a48b49b,rabia648@example.com,0360736118,36-45,Pakistani,5,44381,Mandarin,73
649,d737e4646784a1eff3a1a5e0630473d98692cd50e3862f91f8594ffdc1d666fa,ali649@example.com,0371263884,36-45,American,18,231970,Urdu,76
650,cf60edd1e058630f4d91a6b3063d9a1c2183cc879aac4e5cc5765451a3e478f8,noor650@example.com,0364290553,36-45,Chinese,12,478123,English,67
651,77bb70fd58d90e9e641c7edf9dd5ac5ee06a4b46db843c8e5c2b0dfa5aab0fa9,hassan651@example.com,0316191081,55+,Pakistani,3,74555,Urdu,78
652,3bddfd52cfdf49f4b2add6e38fd64745a4bc2be453b5fdb0cb640587fe2faa49,rabia652@example.com,0381930563,26-35,Pakistani,2,177022,English,74
653,661c961e53eaf3aea71b9e4595ae0917796fc09b061b2934a284baa8df8fa4f7,zain653@example.com,0318313264,26-35,British,17,224709,Urdu,97
654,766c480cbcc00b131df8b860cde3ee11823598bbed7d6d1561d5007f105633b8,amna654@example.com,0311000294,36-45,Saudi,3,432696,Urdu,64
655,fd33ea0a58ceb286e19062873820ac06657f20e8acccef0983c0212abb2472d6,rabia655@example.com,0374807461,26-35,British,14,90857,Arabic,59
656,3555240f4fc766749c5cb16f266b86d72c2c68846af31441b1250403a85e1b8e,usman656@example.com,0396922853,18-25,Pakistani,18,473645,Urdu,80
657,fb297c8a8374b93779ab1172b07ff030fbc9246da7fc96b51a79f7499f2f2407,hamza657@example.com,0311660102,36-45,Saudi,19,470537,Arabic,73
658,2d2f88f46c69ba66e4a0a406968519e862e71b3bb78f5f8a67bd8097c58c338e,zain658@example.com,0372355448,55+,Turkish,5,92600,Mandarin,76
659,a0bd14bb63024f45e14cca9ebc76115db5f2f63c4bf82f815a81a79c19338b26,rabia659@example.com,0323947082,55+,Pakistani,16,364547,Arabic,76
660,9724c77c881664d19d3b615df06a11828eb17d7828bc2dfb615e8ccc59f18fc5,noor660@example.com,0384665006,18-25,Saudi,13,379676,Arabic,94
661,83fc198e73fd7ebf98686d25c1a748ad219aa3186c33245f42257cb303924b46,maryam661@example.com,0396265173,46-55,Indian,8,26105,Mandarin,98
662,eeeafcbf8ea1decf501fc3e57e23f0744cde8116291230fc5f01201f8fb29d4f,omar662@example.com,0352640429,26-35,British,15,106160,Urdu,88
663,48b0248ec7ece9433e7be04c7f09fed5511134fe08a3447535fcc83bd33aa87a,noor663@example.com,0373647867,26-35,Pakistani,2,356997,Arabic,63
664,037663787670fe5836d8b374dfec1dba6529b2165558ef2c9d15b77c9caeff95,faisal664@example.com,0334273337,18-25,Saudi,1,404775,English,97
665,7cdd5cea59418eae3e5cacb77af9168f0562da2028fc4b65cb672341d7d6f4ef,bilal665@example.com,0336352995,26-35,British,4,285429,English,76
666,645599649723dfefac237d75d5f94c40a559c8a8e2f07a9aa4a4d66e12fb01b0,rabia666@example.com,0358781478,26-35,Pakistani,3,19372,Urdu,50
667,632a13617b31a4bffcf732cae4a984675aadab8a621322687268032470fbf857,hamza667@example.com,0398947434,26-35,Turkish,10,465753,Arabic,66
668,dcc7458c70303e82b35c7b7a35ab703611fead64d5355b546798ced01736fc40,noor668@example.com,0392710179,26-35,Indian,12,115736,Arabic,60
669,16557fff0c706a5726052044f2f579e50068b876e9e0ba6c5db53e40702146e2,rabia669@example.com,0322513349,18-25,Turkish,5,161756,English,80
670,2e18814934ab5797e03973279863846e46a29cad151ba06bd080b7cecbd6df9e,amna670@example.com,0381939029,55+,Saudi,17,343811,English,96
671,5c5c9c2b9a1d38a86784f28866f8bbe24266c85e1013449eb0c7255c65b90bfd,ayesha671@example.com,0398665977,55+,Chinese,3,440305,Mandarin,56
672,91a7c77709e362690582a4172debd01bc0248fe263318872cf6217d8ea2bf8d2,maryam672@example.com,0349649993,26-35,Pakistani,12,370704,Urdu,96
673,c5b957356f239f07ed34eaf224d667c7830db820df554e2c2889351ccaa1bdb9,sara673@example.com,0321960096,18-25,Chinese,12,107243,Urdu,86
674,78b0b69029f136ddf05ddc3d7f7601d4ebb14a70c23163e8393bfbd9910a609e,bilal674@example.com,0397290238,18-25,Turkish,16,277311,Mandarin,98
675,59adc4a50c765a1a7ef3fbc980d7cedd5546b4b5d4baf65cb964062369fec701,faisal675@example.com,0356923182,18-25,American,4,323047,Mandarin,55
676,de2c9395b9e645243a652c586885af955f640471ab4e1aa65075be58a55d5962,noor676@example.com,0363171800,18-25,Pakistani,0,305583,English,91
677,355ed1b9eca9e4de865a727970cb67153fccfa47bda88dc176f8c1a4f0980baa,ayesha677@example.com,0399304706,18-25,British,10,471212,English,51
678,a50106bb78a9a6ec2a6d26963d5f9a0971dccc9002dab1dc31875637e51fd564,hina678@example.com,0397486280,18-25,American,13,211123,Urdu,66
679,e18683cde2cfeb5723944ffd2c30964fd09b0be9dffb5fbd35bd14ccd88de656,omar679@example.com,0368926640,46-55,American,19,391361,Arabic,92
680,84d2d242e099f757f8ad32a66d7d6003aff3e23a12ef471012f2d7d9167ff48f,noor680@example.com,0380096952,26-35,American,16,377793,Urdu,95
681,57b460786aba426228dc2eaa8d8bfe7ac53e58ae87b5a94cffd5ecf78d5c3176,zara681@example.com,0328678953,18-25,British,19,215591,Urdu,65
682,69f21359e9d3e5d82b068cb437ba1fe95e0467b67ac38dd23905255576dd28aa,rabia682@example.com,0332488128,18-25,Turkish,11,458400,English,74
683,00e7fbf52f4d336676ae8437c3aedb3a39c4cc0531db2e2d48d6ac83e73c4beb,rabia683@example.com,0375998396,36-45,British,9,405324,English,80
684,30d3c0d752116a230984d8ec5f8aa2ad79010b2fe634594d3b792aec1a720ee4,zara684@example.com,0317038170,46-55,Turkish,8,141066,Urdu,84
685,0894ab1ecff6dd85b833f795e20667351d03a319e1aceb7a587e1de9f5d1fc12,tariq685@example.com,0389426740,55+,Turkish,9,72543,Arabic,53
686,53459e6a45c0b058af037a788f36feb94ce71a969857ecfe7b66a5abc5e513c0,amna686@example.com,0389457242,46-55,Saudi,10,317311,Mandarin,85
687,1ba3ee4639eb627754c1e3711df80c4ec17591eaaa7ac05d30834d9e62d19647,omar687@example.com,0383854901,18-25,Indian,10,328365,Arabic,90
688,593a9ecca2c142ad5f36ddcf7364f3ff4c546937fda0f57fd6facd171df18943,ali688@example.com,0318740245,55+,British,15,388994,Arabic,86
689,343b4dddf08999f3e04ab6bdc6d40572901ecf077ab6cf73cdc32a98e6d10d64,hina689@example.com,0399160493,18-25,British,3,273503,Mandarin,70
690,41189ac0ced1900311e5852f594c5d9c348d2272ea3d6c124950f199a3cf922f,noor690@example.com,0362358041,18-25,American,18,292745,Urdu,94
691,cec620001a4be857d2bf2746f0f4160d97bdb0b901109d868cbbefa46b118990,zara691@example.com,0351257621,26-35,Saudi,0,472251,Mandarin,92
692,435996e8a9faa49123a111fc585626b999eefeb848cfd64d54de1b6445302ff6,hina692@example.com,0335126308,26-35,Pakistani,7,175029,Urdu,58
693,2c20b54a9780837f0f877985d04a3ab3bfbdb5351c47ca8107c26080e1af35fd,zara693@example.com,0381424460,36-45,Indian,15,133791,Arabic,51
694,33635414dfbfe4e0742325c86eb00422986a03cc383b0e350e23b18dca209433,bilal694@example.com,0392304617,46-55,British,9,486984,Urdu,88
695,5d72ae48eb99c0c80789b723eafa1ce4028ff3a0aef9b999ee1f8f7da8be3641,hassan695@example.com,0341604183,36-45,Turkish,19,55708,Arabic,56
696,ac2145ed92706689df5ad1b6362d0ecdca58e6a12a2ec1c816b8bcdb29c628fc,zain696@example.com,0317903797,26-35,Indian,1,263105,English,60
697,3fe74ee1c3c4906e31b15e2b207549c4d69dbc47ee8b03873c431a93648ee593,sana697@example.com,0317026206,18-25,Turkish,15,165146,Urdu,56
698,a24bff217a90091bd02bea5c915d92e6f8178927ef70237d4180f9a2d2540a78,hassan698@example.com,0385546398,55+,Turkish,13,350014,English,77
699,f67ae1d030e2aa228eee505e318006fe82d7ea25a719fcfc1624abaa3401e3e2,ayesha699@example.com,0396665140,36-45,British,16,71562,English,55
700,0bffbec44eda3258a50047a8160f7cd87737fdc2e4ba718660c7dc2e4b162c3b,hina700@example.com,0319184874,18-25,Pakistani,17,41568,Arabic,61
701,192326024c6fe5e884afd4fefbbe75006e6e7ea18aa63e6d729a3965ab33b0c3,zain701@example.com,0352553366,55+,British,3,475978,Mandarin,52
702,9a87b0394d8679e24925758dfad609d13460a22a6dd02ff9c5c53175b70d279f,bilal702@example.com,0318237881,18-25,Pakistani,6,494441,Mandarin,94
703,12409d2db114d83597074848e2327eb0265f34271e1401034bc8343854e31167,ayesha703@example.com,0327812427,18-25,Indian,18,122148,Mandarin,67
704,27870a019d65af650e243d394707bd8dd4ea14da648d5d90971f6738e6605056,hassan704@example.com,0396779050,46-55,British,16,417851,Mandarin,59
705,63ccaaeb0fc707aea292a96212ccb3d6132d43c5d49dc2e02743e72c18bceec9,ahmed705@example.com,0347513447,55+,American,19,273218,Urdu,53
706,14ee1d2bb16e9a6fb1e86dfa0b84964654973a1a51a9ed790b82d95eb2f31b81,hina706@example.com,0339506320,46-55,British,9,173502,English,72
707,9393084e7b5265ae16ba9a390d4274107d15b63f4b9b7bc26d9dbc8b52886889,sara707@example.com,0331364497,18-25,British,11,243984,Arabic,52
708,6d2f8f3a934483262f4a46c279bf7296bb1eadf779ccf26bf62f1d3d4f91220a,hassan708@example.com,0383275858,55+,Pakistani,0,88947,Urdu,78
709,9001100095c4b1eed53bd5b6659ea4889d39a6f25c09549c650fec25b22f61b8,ayesha709@example.com,0371258617,26-35,American,16,212509,English,76
710,73da7d4f89fc330c30403b73616c581858f67c3f881895e0c0080809b5170ccf,ahmed710@example.com,0387908384,36-45,Saudi,8,180646,Mandarin,70
711,b2dacc2968f3ca102fae03eeb1db341f5dcbeff51d2bd0b538f9fd0c1f82ea86,zain711@example.com,0342679646,55+,Chinese,8,146313,Arabic,87
712,acfedaebd1eb5ee5366f91ff224a817fecf293de09944d9da0ddf03b184af270,rabia712@example.com,0354044887,36-45,Pakistani,14,323078,Mandarin,52
713,d80d711526f1cbf4fbbf7d4654b9112ed1737a26fd88afe2b98bed857d676dad,noor713@example.com,0337733052,36-45,Turkish,16,406053,English,98
714,97c96f83702a54e538b400fc7dc22445957b14ac7dff2aa0158fc4e1d3834fe5,hassan714@example.com,0342489400,36-45,Turkish,11,145311,Urdu,62
715,641a4580dc9e03614ac39a39260c37fe5d5ee2d8bba53b55b9de3eb2233cd57f,faisal715@example.com,0398073522,18-25,Pakistani,4,155093,Arabic,65
716,4677842d4aa3b0a45400ccab8ee16a8fbc76d2301bf9b85221dfcfefb78af152,amna716@example.com,0396096926,18-25,Turkish,0,426460,Mandarin,59
717,b28c34084209fe2fd030a670af5167c852f09f8b04d9bcb3c04daa6feba1024e,rabia717@example.com,0375135063,26-35,Pakistani,12,371858,Arabic,99
718,b6ac5244476b3399253b5e0015dede5e0d28eaa3a8f47d48cff0a7bc3a43186b,amna718@example.com,0366889249,18-25,American,18,469350,Urdu,81
719,6cfc17b1a039ff17494fac4577b6966c5f1cfa8ec8f2930cf17e70f49f11c452,hina719@example.com,0321652065,18-25,Indian,2,418124,Mandarin,56
720,727c0a15ea9fd3dd061ea522235ad6bedecf18452df3143e6d8e175f2c399469,fatima720@example.com,0377026839,55+,Indian,17,355695,Mandarin,56
721,8bbe82054661f8a2928383672b1b4e6ba78e560f6929a5f6c7f3024374faa3de,sara721@example.com,0325547488,55+,Pakistani,7,330974,Mandarin,53
722,df1d968cd3d955f7380abf7a1693c994246ba30a9ea4bee57f40899d31f89066,sana722@example.com,0397589793,55+,Pakistani,4,149045,English,75
723,fd1c876f87b8cb55e0e87334fac043c5bb437f3b508a482539b70f5740166a58,ali723@example.com,0347571331,26-35,Pakistani,0,98263,Mandarin,65
724,a706bc776dd06393a5c3158a8ce4e72984439f7de777a0dc3f55d89565cea201,amna724@example.com,0392068862,26-35,Saudi,17,95053,Arabic,91
725,6d2052f281d716786badd30dabad5aec9d38bf87e8f8d5f37bad93be093721a5,zain725@example.com,0397879691,18-25,Chinese,8,471442,Mandarin,75
726,0f0f734de7dedf46d08aa5b985fee6acf7592a5812307f7c4ce20c3dfc946ae3,zain726@example.com,0334950408,26-35,British,15,437479,English,63
727,eb9f7955c44c60508b392ee92524e4140e81fbd503cd42dcafee910632f0bc15,maryam727@example.com,0344915196,36-45,Chinese,0,47271,Urdu,62
728,dfde2c9a9fd7bda43aff1c8883a6ff0e4e6641f59b150b2a70485544b936f4bf,bilal728@example.com,0350583878,55+,British,14,326309,Arabic,82
729,877faada40aa99427adf51d58688b1422645d7ad453e686488ed5c055c038f34,rabia729@example.com,0369241983,55+,Saudi,19,363351,English,86
730,704cbf7609b2df0b0958766d63b087860409471c17ecdef0f684df4779b360f2,hassan730@example.com,0390238088,18-25,Pakistani,0,265233,Arabic,95
731,f3e8a7be4bd9ddd998452b4e6e5450b15ac2d0593a8dd50c4d4de3aead4ebefb,bilal731@example.com,0360068499,26-35,Pakistani,9,142828,English,66
732,9df3a1dee89b1a1ff97e522978abcafc76c2c0edfa94e18366ac1ecbee041dc0,usman732@example.com,0394512856,46-55,Turkish,19,350354,Arabic,67
733,1c61f85bef7ea10ed3a78f6e311c39db6edb1d66b716b2fac5ee0fbeaf4eb50c,noor733@example.com,0321498649,46-55,Pakistani,4,69884,Urdu,82
734,9cc87c551feda8c6414f2c4b6909358fcea0de7ef5439c400b3241b72c53ea4d,hina734@example.com,0358642458,55+,American,13,419442,Urdu,81
735,2aeb6413b3cf64af3f6f198313ea75ca83c1f6b1fe3a67421ec7e78fc40556f6,hassan735@example.com,0335061958,18-25,Saudi,11,455450,Mandarin,57
736,bdecbcfb58f65c2acb7154c3a56ebcd7b059623e791a0034ede85c56dd6ef178,hamza736@example.com,0344967717,46-55,Turkish,1,457506,Mandarin,69
737,322893bbb9489167f14379e2df7ad135a914ea2ed02fe173c34c90159cba25b5,maryam737@example.com,0392543136,26-35,Turkish,3,475370,Mandarin,92
738,1b604ec7c08fdb79e6f59b5a18a33b9aa51c494b3809ee9af2dadc92071c5369,sara738@example.com,0354638031,36-45,American,0,123135,Arabic,70
739,a17cbf8426521e5b1931f1fcbd59714a553441a9e12dae0684068efa723c12ac,ayesha739@example.com,0315805333,18-25,Pakistani,8,409130,Urdu,93
740,89f71d735d8372da944ab8810897ccfee0224a4304302ed887af810119f1e7b0,sana740@example.com,0391088504,55+,Chinese,0,351504,Mandarin,55
741,4cde8d8c0c859879c8f4dca20a556c1bc1b3fde43d7069c44290cd3dee2b7001,bilal741@example.com,0337899688,55+,British,15,476705,Urdu,67
742,49c71abeb45fe77fb2d2df97bd8bef86a4cc008470d07753825073848135aacd,fatima742@example.com,0361290944,36-45,Turkish,7,272530,English,74
743,955597ae4a2df6b47de8da1b946a9e05e2bd53f97101a8be459b8030f112ab8a,hina743@example.com,0379151225,55+,Saudi,7,71394,English,99
744,fce6618a0765e380c0f12c59f0cc87d275ed4e362251a2a7982d202860c57049,zain744@example.com,0386143476,18-25,Saudi,17,252556,Urdu,88
745,83924d18e50c64ab742594ba109348f195baba50eaa08e6588d9bcecdd7d6834,rabia745@example.com,0311733391,18-25,Saudi,13,317946,Urdu,97
746,e7ceb4e34343cc546a3c0ca578a1ac263e55b1af3d3e9008f0a7829b2a1c391e,hassan746@example.com,0327735317,36-45,American,15,266587,Urdu,86
747,a5e86457896e3dece61c324372da1d47a822a4a3c82d196aba27e98aa0260b4d,ali747@example.com,0320608191,36-45,Pakistani,12,317015,Mandarin,54
748,12d5b5ec8e88e43eb3a26dec82a8777f2ae191f6016ae6d6319827b0626c42dd,omar748@example.com,0314233384,36-45,British,0,39048,English,99
749,da13fdc4d33e0737d4d141190c13b97287c9c40e6945cba86e807bd5f3c0fa74,noor749@example.com,0373081963,18-25,Pakistani,17,244417,Urdu,88
750,5b51484db4bf5b7c15434bcbf305ca67879554d9ef9182baf190bf765a2379ef,bilal750@example.com,0371775706,46-55,Indian,16,430919,English,95
751,2f00668d4922f828b5f6a3ba5ac97ad38c064ad6b237f869c5a5edaa6156b247,amna751@example.com,0373768642,55+,Turkish,2,111398,Arabic,79
752,e1386c81e5dc1b9989ac8cf4a0d596035085782c004e087039b3bd86a396b9e3,hina752@example.com,0356290673,55+,Indian,9,323816,Urdu,65
753,421c14284580c7132d9d7af9d0fdae9800e42f6a090feb6f6cc04d51faeaa0ee,hamza753@example.com,0374475688,26-35,Saudi,4,202828,English,66
754,a269b244439f5e15c6fcbeb16d91e5ba274d97cd252d8bc0a76cb6d86afd57dc,amna754@example.com,0372582486,46-55,Pakistani,8,77507,English,81
755,1fddeaf693e2bdcafca9b41d0deaa8a24473ad21cb66c32bb9d32a2f636e6bc3,zara755@example.com,0351787255,26-35,Indian,10,274012,Mandarin,50
756,73852e138a36fbe4fe3a5e8babd99c2c9e81ddce2d1c5f515c1811ecae3353d8,ayesha756@example.com,0324228944,46-55,American,12,421742,Urdu,90
757,4e83a3bd7e562b9829685fce38d7e6b1f92e8c5b73d3552f309f19495bc1e595,amna757@example.com,0384209146,55+,Indian,16,309549,Urdu,55
758,986e807a83efe1568f238ab0963ea9a40aaeb190ce49b5713e9d7faf1c0e016a,hina758@example.com,0310841618,55+,Chinese,9,20532,Arabic,62
759,73c14be10e76b2dd3c453a948e8757260ce95cabaec6cee1a7340275ee6085f2,hassan759@example.com,0394921420,55+,Saudi,13,275415,Arabic,67
760,74606b630f189f752ba9047762e80e96477c6c1a9497f58b2014fb0ebe733f76,omar760@example.com,0385719543,46-55,Chinese,9,215214,Urdu,78
761,74d5dfc1b999d48c77d75d48d5e8f0f1a23954f73b5893c5b5c447556c82e72c,sara761@example.com,0354401924,55+,Pakistani,7,226194,Arabic,56
762,8d5096044b89e2fb5357abc01dfe891106e65380272dc99ee4be5d24ff8c3996,noor762@example.com,0383583331,36-45,Saudi,7,136812,English,88
763,86c552cdee4527129400c54b161a642f5aee2ea5da190e84dfd0c538829cb2e9,omar763@example.com,0366463786,18-25,American,5,322768,Urdu,59
764,9c83b44f2abb70ed9b4ba7f7531f28fa4419499b385ecdcf3c124196aff2c133,amna764@example.com,0394186843,18-25,Saudi,18,112658,Mandarin,92
765,44a8ed0e6ee74371156cd40bd80c41038a898bc0b4495b62a56bcc28e9aeb856,amna765@example.com,0317919584,18-25,British,18,289916,English,65
766,78f754b14cd28e184717aa3db9419eb7625af2fdd8172a0df3741d88415c050d,usman766@example.com,0310986275,18-25,American,12,444848,Urdu,86
767,a1f4d5db47fc1bef63cfb48ba48759a8c6b40a1580754e9284d506b8c9f9a52a,hamza767@example.com,0319860685,36-45,Saudi,13,24439,Mandarin,88
768,beebf78f24adee5c51ebe725129aba24d2144f5acbe78e65a11842cfd41d21c3,tariq768@example.com,0338026421,46-55,Turkish,18,467310,Arabic,58
769,83639f3ce3741a868a781b86dfa1bc4bfb5ae7d2b053b8167de82b81923c19b9,sara769@example.com,0319348148,55+,Turkish,13,41541,English,97
770,e405cb0d1f69d1b386ef18a6408ac789dc5207855479025fd0a424976554fbe3,hamza770@example.com,0381432356,36-45,Turkish,1,490620,Urdu,62
771,ceaf6979770ae5fcfb5108f5bf4594aadfea0759787908065dc53abb52ef946a,hina771@example.com,0314863099,36-45,Pakistani,7,83631,English,97
772,f7337263e56de353661edd6da40a544aae8474b3b373479d26a2a840dc752ba0,maryam772@example.com,0373224359,36-45,Pakistani,18,130938,Mandarin,57
773,7b6732b79a763a3d12cf25ebcb1190456cb261481ab83eeba2499185bd2718f4,amna773@example.com,0379261123,36-45,Pakistani,1,225375,Arabic,55
774,66cd8c507cf56d6ffad6372e148f7b01cf7e1fcc16cf929baf617eec39290a1e,maryam774@example.com,0315871348,55+,Chinese,18,489771,Mandarin,63
775,302b59db7ee7f713eac79e52d8a1cf76fdad670d94be428729cdcc75a8c21a90,hamza775@example.com,0336910743,46-55,Indian,18,61999,English,90
776,0a08badb64532036dda78e13ba89e4f7e24981b27e129ee9f36076d7d35d298e,noor776@example.com,0341163841,18-25,American,11,273356,English,91
777,0ec9d62d8e5114fb824d092836e21ba57c1416d13e76bfc14382817a141d1e15,amna777@example.com,0336293184,46-55,Pakistani,11,41368,Mandarin,90
778,7e3b52f9c399330602f7443eb7f9de885f3abd323ef24efaf5bbccd5ca541a78,omar778@example.com,0371498622,46-55,Turkish,0,401337,Urdu,95
779,800c9d5995902075443dbda2479934f14886a6e6b8eefdcf40594b9ca8081e9e,hina779@example.com,0361689941,18-25,Indian,17,424789,English,65
780,0ea61606f17e10af3cd8ded52284f359c348528f63b6f43b5219227b16162640,sana780@example.com,0396311438,55+,Saudi,10,288715,Urdu,56
781,0dba4f2ac9bb365b286d788f3a613fe7d9833b786aafba1ccd94a4a2d9d7e28d,faisal781@example.com,0315544223,36-45,Pakistani,12,133182,Arabic,78
782,a54f0cca25e4d6b4f5e145895dbd2230f541b52b044e8d29479ddb9e2871e12a,tariq782@example.com,0370847125,18-25,Indian,15,169236,English,84
783,6c6c0a8ff9944341fc3a2180ccc08019777cf8f33ef7773a303f7826ef66ec8a,ali783@example.com,0333876708,36-45,Indian,12,112537,English,55
784,6f4a2aa8af6c872704dd09a96c2c2683cf7436fab21cf4bc181450d875668ba0,ayesha784@example.com,0340261475,18-25,American,14,215863,Arabic,95
785,4a9c1d8f625dab65e131ba17f56a3627f9bf211f9839c9ff382f6a487e8a707e,bilal785@example.com,0347282093,55+,Indian,0,458402,Urdu,82
786,1c80023cef52c07b472d76685794c993723d63bad8261f3d8888322a01343e54,faisal786@example.com,0352224873,36-45,British,19,198392,Arabic,77
787,1eb9cdfc7d1f5e3d6ba202b47d7fc40aa5d798302657f448cefcd8dcb58e647e,zain787@example.com,0361852741,18-25,American,0,441247,Arabic,73
788,04d80db0e1caf2fe42274906c6029c351d7c1b8a47c3fb50f0a0c9e6fedcf93d,sana788@example.com,0380302660,18-25,Chinese,12,296539,Urdu,86
789,18249802b9fd3254911f89ea632becb7425bb10201a9339d55eeb3bb4574472e,ayesha789@example.com,0313049307,46-55,Turkish,17,190378,Arabic,75
790,a2b3940a7e928d31b600b4359a3af4779873731c070ff6c2e0ec17c6644306d4,ayesha790@example.com,0328640248,18-25,British,17,489456,Urdu,80
791,0a3a2bf88842d1e19278378e8c544856ab38796c2040deb952e71dcc802ba09e,omar791@example.com,0378487012,36-45,American,1,472176,Arabic,92
792,7e379e2ce66fe7586f672d377cff971d31167874d3a3eb0aae6a3ea3dfd6f961,rabia792@example.com,0328494570,26-35,Pakistani,1,478646,Arabic,91
793,63d913aacc9ae1663c9594fd84ae7cb1cd20dd61c66917661483d1ca1d000fd8,bilal793@example.com,0370726516,36-45,Turkish,11,22834,Arabic,93
794,7315d48fcb6c38aa6d0ed73697d248f15d6d707f4f87b644f2eca597bf2ab397,zain794@example.com,0384655555,18-25,American,17,83438,Mandarin,87
795,ffe733cd4bd94efe6b9355daea540480ff52fa6fdce1292965baf4e0efddaf33,faisal795@example.com,0318745662,18-25,British,4,389989,English,66
796,d19896f21ab3300be2b8d0f24995e45d6ac2647cf35ed9a745654c70dae91e97,faisal796@example.com,0320023293,18-25,Turkish,2,244745,Urdu,84
797,7259173edcb1df929cb73de5bf817a549a0fe971fbcef833393c2029808b33b9,fatima797@example.com,0338964394,26-35,Saudi,12,177807,Mandarin,65
798,f09c9ac74a14f4ab40415f85265612d72a08a155404ea1275001a276840ee69c,ahmed798@example.com,0318904337,55+,American,8,41017,Urdu,56
799,e6e70e6fd8abbd954010d3c52851c68ec2710a7b77989713e5ca429f4b2e335d,bilal799@example.com,0348697230,46-55,British,10,479668,English,91
800,ae0176e8ccf69de13b7299d16295fa70a261c695c7c299d1751ba6a0359666f0,sara800@example.com,0328351471,55+,Pakistani,10,152954,Arabic,80
801,0a62437773aaa6d65218e6080976eccc9bac28692b7d80176003ea172e567dc1,hamza801@example.com,0355658703,26-35,Indian,11,238024,English,77
802,b8e1ed97c8d5d29eff3097b8250464f86a542a1b41a6ee00b2bd8c5d5022f885,rabia802@example.com,0328875167,46-55,Chinese,17,24481,Mandarin,58
803,2ff06f4e07072f3425acad3c92c36776ff3eb80ae91cc773609c26682e422d88,bilal803@example.com,0346298886,26-35,British,6,177207,Arabic,66
804,5a3358e197e2656c6831101b6d35dc0df942b5290e65d2250f1606f64871d48f,tariq804@example.com,0328347713,55+,Chinese,15,384195,English,53
805,9979a11af637c302c8042e0942db618b27dda976055349ca0853ab07aac6a13d,ahmed805@example.com,0368550264,46-55,Turkish,5,391977,Arabic,75
806,dbd560d3638ddf3d55fa79821190de6b2326305170d47bff7eea6413645f1a8e,ali806@example.com,0388908432,46-55,British,12,79109,Arabic,65
807,4f927b19dfc369059a89da6478b6109389dfe93dde48bd1d69863fca397bd946,amna807@example.com,0347758158,36-45,Chinese,14,499572,Mandarin,97
808,e25318d0d4f0b840e1af234ef4dc0793b01695f032b5dfdc8dc29b0f061c2e8d,hassan808@example.com,0365966960,18-25,British,2,34435,Urdu,84
809,d1f6abac5db7ec90885e3466fa47ee25f26d6a330b09e9c1096193f71f8c8868,usman809@example.com,0331550363,55+,Turkish,8,274139,Arabic,70
810,88268b4a5d03a7fcc9adbf78b4b58c8879643a8a048c3521ebccf1cddb3adc23,maryam810@example.com,0352635059,36-45,Chinese,0,346178,Arabic,72
811,10b800e93f75fa6f2b61387dd399a645a5851ad4f63df7b59bb56422316a7939,hina811@example.com,0352498174,46-55,Pakistani,18,487020,Mandarin,65
812,b851c946afbb838ee36fc383b6365ab7120e59990ec459d013eb0e7680583dde,bilal812@example.com,0373645080,46-55,Saudi,15,161786,Mandarin,87
813,9689c873761e269d2d1cbc5101e4eb1d7bb403f8eb15828af757d57b159f5f5d,hassan813@example.com,0368804362,36-45,Saudi,0,174486,Urdu,98
814,3faad1cf51212cee7b71aca30a2503c2687fd75a53f8e9545de4f9abd16a5675,zain814@example.com,0391519304,55+,Chinese,12,102508,Mandarin,87
815,ef69c05d6924bc516f8c0c799ea093eb51a046270c3b6ed15eaf1850fa0783da,tariq815@example.com,0323747550,46-55,Saudi,18,108384,Mandarin,52
816,e9337e4435130c36ff2ed0008942d1bb3b0f1b47a1ceeb9c6fc1cdca84252fb6,sara816@example.com,0351216640,26-35,British,14,308663,Urdu,69
817,eb3c7cff1d3149f22e251f7ff7936fefdaac178f627dfdfafffc7228e9572dbd,tariq817@example.com,0349949453,46-55,Indian,12,35595,Mandarin,64
818,33ca8dce7eb233ff1464ae8b78574634680fb9a573c5618cb7f62f096927feae,amna818@example.com,0363724037,18-25,Saudi,18,497550,Urdu,78
819,3827f5cb94fd25922e50bae5db93f6ae4f04a1ba1b7758197fd3600674e504ac,faisal819@example.com,0376954181,26-35,Turkish,8,276152,Urdu,66
820,0b260126171375c6e8aaf8524528682f2547e40d30864810c6b29c769c8a327d,zara820@example.com,0337525616,46-55,Indian,11,485629,English,68
821,481b84fed1b969b0364f239db15cfc44080d023dfe1e0ffdfe2f97fa594ff7e1,sana821@example.com,0318505089,46-55,British,6,14761,Arabic,96
822,b885a352b44e2d65416e2cece8810458703ccc07aa2c498a66e5ec3b42ca107b,ahmed822@example.com,0324918181,36-45,Turkish,15,168145,Arabic,77
823,4155e1e2670f06394800a42f77bdae855ce7faa1733b44a1c5dbb09914c27458,rabia823@example.com,0341531769,46-55,Indian,19,412854,Mandarin,78
824,a0a2cd90bfebfa4cbef06e3bfbd4f41e5c9267e0563ee00a9806b07c9d097b5a,ali824@example.com,0325099691,55+,Saudi,18,355753,Urdu,76
825,f71c342bcbf265c95b2fe1ad6afbbbb50db3170d4ee55d76a870f7fc60d8c70c,hamza825@example.com,0361743858,55+,Turkish,2,386570,English,92
826,9f733fe6b8770942769457857a7f72d0b69aa22fafe5b3ca0f843bb9fa5bc256,zain826@example.com,0346970246,55+,Pakistani,8,107780,Urdu,91
827,58ed914bf4b5fa8b8d011c25bb4f73a14df75f4ae5f49b4c0b611981ee123e82,usman827@example.com,0398140364,55+,Indian,2,270186,Arabic,57
828,b12f79121c7294cb0ddb13cff1c1d03329e08f5202539b437c0fc05c6c4bfd59,bilal828@example.com,0315032403,26-35,Indian,2,294732,English,57
829,819b6a2f6fc20c47e13b2f3688129bf4dda00be1383de064ff77c8322c5b1dd2,ahmed829@example.com,0361463262,18-25,Turkish,11,279066,English,99
830,77d704b7f815b2cbfee07a40deba169837eb90d0f6039e6afc682d01feba0a42,sara830@example.com,0320293122,36-45,American,17,483299,Urdu,79
831,1188890dc560b2e7fb63837c7de911e839e748ec94ca3ff2905512dfa0d535d3,tariq831@example.com,0316846090,55+,Pakistani,19,305727,Mandarin,94
832,4b622b294f05ea3323b7003fd14563777b2b16abeb83248f20affe800fb8a698,hamza832@example.com,0335812055,36-45,Chinese,13,227859,Urdu,62
833,089a1fc2a0771f5d0bbcd5aa361bd4d79a9c12d53a86dc1ed66498af6e1c52b5,usman833@example.com,0320685090,46-55,Turkish,7,304849,English,80
834,c03532fffb3e89aa3bffff643d529b69c2bacc9362b202358f8268cbda44da15,amna834@example.com,0390856713,46-55,Indian,9,295385,Arabic,52
835,961b9c85fa33d5ccb805d3e6fbeac23d0e604caa1538334bfb4e27c95cce6751,maryam835@example.com,0396337683,26-35,Indian,8,456771,Arabic,95
836,5a94f887dd37978f00b40ae81c776fc35945eba2ba41c8d6a44a26958f67c957,zain836@example.com,0368915684,46-55,Indian,7,295509,Arabic,93
837,f79d8ba0950c0fb508d021350bdcf2dee3329e4059bd9979f2fb941bf556706d,sara837@example.com,0383914833,36-45,Chinese,13,459410,English,73
838,ea3269e507f4249aff938e66580807446e304a771ec20f46dd92a4b7efac2e0e,zain838@example.com,0358788334,26-35,British,11,105494,Urdu,50
839,656dc64caaf7123f6aff0596135fedc0cdb935e0f8aa5817451863843cb0a0c6,hassan839@example.com,0388494911,26-35,Chinese,14,402690,Mandarin,82
840,02d6739a4379eea0db3ffebe115a05090cbe925ae142d5dcfe455bea8c42e1e8,bilal840@example.com,0340076989,55+,Saudi,2,228816,Mandarin,61
841,df2505e46549d800783577277adb6d39d63bfd9f5af44c34a19fae9c0abd3f47,ahmed841@example.com,0368637178,18-25,British,11,91214,Urdu,77
842,73296381509641d2ee722be83e7a0d5d98c6f7aceefbe05d16b6096f905bd291,amna842@example.com,0372760370,46-55,Indian,6,271910,Mandarin,53
843,004ecbef2bcb608837babef197aa9473da34a86ea6b3b980d90e498fc35c3988,fatima843@example.com,0357906429,36-45,Indian,4,261831,Urdu,51
844,3f490c03c42a87124f9b79e3d7d8dd0949f69fa382cad3697af92ed7efe8b3cc,hassan844@example.com,0363153210,18-25,Pakistani,19,473609,Arabic,83
845,4e00768380e8044d7b13d5d637adec98dc94f234da271455d16e861c3b116b90,sana845@example.com,0331040202,26-35,Pakistani,1,376204,Arabic,72
846,96a02f258c27efbf9052408bec8a3cfa910e2337fa550976dea044d9ac037553,hassan846@example.com,0315363240,26-35,Chinese,14,179737,Arabic,91
847,29cd2eb4c0c91782513637e5fff4d22989e71ec654779ee6a98e9df08e234d06,omar847@example.com,0384335324,18-25,Saudi,16,407243,Urdu,99
848,93ec3a5a15c42b58de95cfd134ea31d36688bfed908a9ec723624120bf7100fb,noor848@example.com,0360524451,18-25,American,15,343618,Urdu,80
849,0b52a7aeccd414482812cde6ff0998a07d5ce4be4a08b340790d286b29db65f0,sara849@example.com,0338462405,26-35,American,12,366559,Mandarin,78
850,53602cf606eb345dd3a9eec96d09e6f3ad1a76b60e5ae9018f90c268f990daca,rabia850@example.com,0341474949,26-35,British,2,142915,English,50
851,08bbd34942bdb104c4c1cc60e5fd5df9baafab67ed1adc9d8645cdd39e872d8f,hassan851@example.com,0326010986,26-35,Chinese,11,257181,Urdu,57
852,914da5077819acdfff9a9d045e0c87382e9f73c32dcd712cd15775526755e30b,ali852@example.com,0382571626,46-55,American,6,97945,Arabic,85
853,169475d8c9449ed77366135339974d62b0d1cf8f930e9ba1815c32403b8a2b84,ali853@example.com,0317123801,55+,Chinese,13,334601,Mandarin,92
854,afd99a317cfe11ea65e4c77ac87a32ed7a6550415888dabb3c78204a8d694784,bilal854@example.com,0387568041,18-25,Turkish,3,300834,English,88
855,3e6d452edf26193ab7e530f99321b53be6f70244175180c06a8e4525fc8b0d6f,fatima855@example.com,0311119816,46-55,British,15,460357,Urdu,97
856,be1f10fe98521f59399325cb704d92e59c7874cd5257193c6ab6dc2f22260ec5,maryam856@example.com,0347526801,55+,Indian,10,383798,Urdu,53
857,4fce153116cf2e7e4aaab68694513a5172ffa1a161ce5b02131a2cc35e6c0f94,sara857@example.com,0318789784,55+,British,3,390210,English,58
858,343efd2fb924ea72ca3f6074ae372302480c601bfe432af78b283eda562fd150,amna858@example.com,0329880139,26-35,Turkish,4,342221,Urdu,71
859,48e76c6a498c2dfab26ff145f0c1bacbb69f855e21a24504ee9a2fc5fbf78d8d,ahmed859@example.com,0314448388,36-45,American,8,153452,English,76
860,3bf3829faa59f443855628c726130802dd537ad590e0de25bcca89c622ba935f,maryam860@example.com,0338473481,26-35,Indian,9,294220,Arabic,59
861,723c630e1c23279473a7a7369ff983b2bb9a10be3f95693cd3b31a97988c5645,zara861@example.com,0395432637,18-25,Indian,5,65486,Arabic,96
862,0e35e1fc9bbf0ddf06ef6d595ad1f55d90a5d0380856aa1b56cd5fbf92c6796b,zara862@example.com,0319675864,36-45,British,17,316172,Mandarin,89
863,bf063b10b4df93725071f7a75d763f7ea6cf87307fd64d63cd5630fecf77bd0a,ali863@example.com,0398703610,36-45,American,2,413273,English,85
864,477268ddffffd3730b54d92442094ee639bb2a4a804459a3def84c0d16954ee8,usman864@example.com,0315132869,36-45,Turkish,15,152394,Urdu,68
865,4619020006411d2cd928a291051a257e4aea39e18f13009484dcc7f6af11f3b2,faisal865@example.com,0317111905,18-25,Saudi,16,468024,Urdu,96
866,4bace966fd76bb3baf14b2178faa6abedd08ceab6db82f96d6a8f2326054f64d,bilal866@example.com,0393490406,36-45,Turkish,2,20588,Arabic,50
867,2ba8ba376d33cc4c0466703223521c5afa4628093bd7632208f424ac52826b36,amna867@example.com,0325176259,46-55,Chinese,7,344738,Arabic,55
868,f6add441aca38e9cb6252a7048af1181a6e9aaa57220b9f26e54a0250cf5c208,faisal868@example.com,0368585728,18-25,British,10,190564,Mandarin,74
869,b231b400f163ab256981ba49907d82587be3c83f8ef812873cc6214b5ab5fc10,usman869@example.com,0339154998,18-25,British,18,281452,Urdu,59
870,9623b2680a36c34a52c6222cc9bad804fbd098ef2ff0b5a60f5991f583c4763b,fatima870@example.com,0342469815,46-55,Pakistani,6,18720,Urdu,59
871,9872d5835563c28e676009d444b98847711d64b1fa175979c77b30eaa2cad117,amna871@example.com,0394721438,46-55,Turkish,16,35905,Urdu,67
872,f725a2333ea964679fb79d414a97ecccf4a3a0be5434c47e79cf2d7a2f535de7,hamza872@example.com,0394965309,26-35,Pakistani,15,201175,Mandarin,62
873,5fd599172c6ae1a8a6094ffc06161c4f1020450e5e840d64a6c9f08170573b90,tariq873@example.com,0345788700,36-45,Turkish,2,491056,English,86
874,018afc12a9a448929eb31d179904c2ca65d13ed4cc95efb52ca1a260dd9cdf94,bilal874@example.com,0319672204,26-35,Indian,13,224992,Mandarin,50
875,01099fe119bcc381d17668bff0fc68984039ad2383001677afeb9a3daac03133,tariq875@example.com,0316060297,46-55,Saudi,15,400820,Urdu,61
876,13a2263a26d526a5bb8d3722f2845648d70be42f4ade6d1401642928b81df70b,bilal876@example.com,0329161488,46-55,Chinese,15,209378,English,96
877,f4ba65ee163d71708e50154f4924c18a7e804875c52f874c8582914224644389,ayesha877@example.com,0369523339,55+,Chinese,1,373270,Urdu,84
878,060a3dcd5b0c0ccea110b9439fe868d801cec622f6918016e0ffe030eae32dce,sana878@example.com,0336394560,26-35,British,9,477002,Arabic,64
879,c7592f22aec064e983e5af10843acee27da1a99e80bba1c183e8a7d4cec6dd3d,faisal879@example.com,0383601786,46-55,Saudi,6,321416,Urdu,78
880,df8c0d2f6fd205bb4e673844cf1331e4526b70da035e8ba2a9a2bc6e46e4c3ea,amna880@example.com,0384238207,55+,British,4,310477,Mandarin,71
881,143da72e79304ec74f3a24ba367d346ada519d0732a342d19bdf6796c4fd905e,faisal881@example.com,0332824162,18-25,Chinese,17,476103,Mandarin,51
882,747e481981519c2bf8ff348be4229b607c82c77bdebe072731a2bbdee5054997,ahmed882@example.com,0333612300,55+,British,4,360500,Urdu,52
883,f28956ed50762ec424fc3097760293956601ca07aa7a6ed200ba5129883e13b0,omar883@example.com,0339875646,36-45,American,17,74377,Mandarin,85
884,b5754cc6df12b11bc2170bf3b890f6b2c0c9dc58466a6e790bcd54ad7bfdbb6d,fatima884@example.com,0338301216,26-35,Pakistani,7,101782,Urdu,57
885,d99c6802734b660e842c6473ead40854ed99b048d808d4e841a5fecaea5f168a,fatima885@example.com,0362774015,55+,Turkish,11,69567,Arabic,93
886,38785a980d0b7277ed78807d7e7850ffdf3c8b324c876e3e3fd30d3054b59d70,noor886@example.com,0341695058,26-35,Saudi,11,455331,Urdu,97
887,e79c301bae592fcd24a20a1e49a761f923e78086e9c6837a03bff44ddb37a24d,sana887@example.com,0323595880,46-55,Turkish,13,24026,Arabic,78
888,eebde71c881f250decdd6a8e23d78a07008c97ffffcc5a9c346f0eb52303ec33,bilal888@example.com,0355964380,18-25,American,15,411737,Arabic,80
889,d64d44be7d2ca4b90eaf872e635774d44d88cdf2c09c1e29d9464ca8186a182c,ali889@example.com,0379190416,18-25,Indian,0,426673,Urdu,73
890,23a24db7626ee900a1b39d539b8fc971dd543a1c5ef93ca2aa01fcd068ef6c75,amna890@example.com,0341225096,36-45,Saudi,5,125313,Arabic,60
891,e452f68e9116dabcb1184f79fba620cc5c6050708cd0e39da9573dd9ee86f5b8,rabia891@example.com,0321030140,46-55,Indian,9,214300,Mandarin,70
892,1548f38a17d229c40762a8231f26ccad382ab0f6156622b9ca7f87b2ed45449e,rabia892@example.com,0312960841,46-55,Chinese,3,165223,Urdu,86
893,81f02bd536a176cb7c4de4c31ef6ab85dd0ca4b72a3229a8e314080f0fd97376,ali893@example.com,0385988985,36-45,Indian,7,140613,English,99
894,a0b9f7672a97cdd3b8f08b22e6a437684d36fa6a4e144c9ee5c603c3d9410c00,fatima894@example.com,0378849448,55+,Saudi,9,18328,English,71
895,4c66e7ca304018abefe4e0a2cb44d1b29e369b7760b50573eb58062a67181056,tariq895@example.com,0348998987,18-25,American,5,491522,Arabic,65
896,cead8d56d3f6f6c947ba8e67bd30bc6cbfe954d85f827bdbea1a9c3a78babe59,hina896@example.com,0362396446,36-45,British,9,365706,English,75
897,2165bc3d337bc4a309bca5e52afb45a21b763951ef516ab3b5043e31e7b1514a,ahmed897@example.com,0380881081,26-35,British,2,219496,Arabic,93
898,c057cb34fcdb91bb14a639f5a9720e3547e47b111d02d5bfc72631f58c54fec7,sara898@example.com,0360023219,18-25,Turkish,7,364824,English,86
899,fa382deef9e5b5f627d8580804506c66969fe31c72d5c5079cd14c5dd96fa24b,tariq899@example.com,0320740829,55+,British,15,162215,Mandarin,70
900,176b8fa78fbfc24a30024b399cb67ab0c00b7c97df2f58b6197ca4d3a1c5423f,faisal900@example.com,0397963491,55+,Turkish,12,61369,English,53
901,d9b4ab599521df65475c2ee56c57493df7537673bf0cb2c4d85c94954f89dce0,ahmed901@example.com,0324885447,36-45,Pakistani,17,221284,Urdu,75
902,c958c8021afd810c0ba4aa8a1aa7df7ed7bf5e98be07c2de8d426add008b63bb,sara902@example.com,0348988394,46-55,Indian,15,468998,English,82
903,c7e9dc72395b44e9f6b98de1f00648b6993fd323d06081385158fc9d7a57f81f,hamza903@example.com,0322825630,46-55,Saudi,1,73083,Urdu,63
904,4c58a61660f63b9c593a75cb069f0be4f63ea06bf6565c78cf0a6f0df218a284,amna904@example.com,0387410986,46-55,Pakistani,9,272399,Urdu,61
905,c8c2d2d069d952cd7e6b6aeb6857552eeb20c9e0b6408c922f3c91975a2bc576,rabia905@example.com,0399668735,36-45,British,8,427972,Urdu,55
906,04f8987d036298b39dc803d3b03cd14a9ade0c060c48c24641636741a777b127,omar906@example.com,0319818968,18-25,Pakistani,15,403807,English,86
907,4aff7e6a79e61e5aed38a7ad35a0b13c40388fef0c476e770ba3dcfa59039bc9,tariq907@example.com,0383533652,46-55,Chinese,5,391864,Mandarin,66
908,db89dae8e887f5170840c8e51fcf16d53696ff56e60b568061d8b90ee86806e1,hassan908@example.com,0358669254,36-45,Pakistani,19,160494,English,64
909,888b3cab305c96d8fe79227acfd92ddefbb31f2b83fc225ed7b802a0ddbb775c,hina909@example.com,0339579729,36-45,Chinese,1,465209,Arabic,76
910,0a443658804ae910fe51b18d42b6c01a6b1cb21d6537302396d5175d884fe84e,bilal910@example.com,0310994199,36-45,Saudi,7,479234,English,62
911,5dc26f019cfec5c7fcb7e072baeac71fbb0c0cfedb96f27697a26892cf28e541,hina911@example.com,0371965356,36-45,Saudi,11,348608,English,80
912,ae8e5de8cb587371c140e90eefbbf70c321e92bfc5afe549b620b17e2c019598,hassan912@example.com,0372606357,46-55,American,12,334888,Mandarin,95
913,d5c20ab9cfab68fbeded7055f05f5712778169f451b7424df7da6df5c13bd693,omar913@example.com,0362677766,55+,Turkish,18,175458,Mandarin,58
914,22bdee880d328637231728c9d6a452bc13910aa9bf9a152fdd5854f6bcf6e220,noor914@example.com,0318744047,36-45,American,5,118199,Arabic,78
915,4404d8306b8274a78fa41613c87e6fbda238589e6187c530e6bbd7b917f86e66,maryam915@example.com,0372806935,55+,Indian,9,61574,Urdu,75
916,6c4886cec384a0b2daa2c79186217afd48f86304f9db938da27a6cd51545b613,zara916@example.com,0364188045,55+,American,5,257174,Urdu,67
917,1de4594cedf319aa6aa65b3290bfe6719d6ceef293849fe7597282d476314717,ali917@example.com,0351760726,46-55,Turkish,0,359379,Arabic,93
918,38275199952f3878240b6e47831fa88bff80507b736faf27d2424f16137a806a,fatima918@example.com,0338013358,36-45,Saudi,19,134926,Mandarin,57
919,6a64d21d5e0a98d3a18f99d734e3a5447b61302bf4cef613e96e1806935fa25e,maryam919@example.com,0345146495,36-45,Pakistani,2,439791,Urdu,69
920,b19aed28f049a930babcc3aaa20aa707cd1e7d4e2e5ce6fdf88af3b45f66848a,hassan920@example.com,0325644301,46-55,Chinese,14,97493,Arabic,85
921,a28e7f0ffa7cffa2895728e95903ca358c36ba96fcaf704a7d478045933f3a29,hina921@example.com,0388768807,36-45,British,4,177071,Mandarin,50
922,637fba4e65572c5427eef0f1eb8630102c86334b735a02504f4282d0caed721e,hassan922@example.com,0359745662,36-45,Indian,7,54440,Mandarin,81
923,803a596e2c0b02f7f17a2369250f857fa0195ef57ea83c6ae6f79be1976b1fd9,omar923@example.com,0368792475,55+,British,3,180623,Arabic,76
924,4b307eee77cad48bc2bfa53edd24bb6c133e65639f8a262faa8cbab6661a02c3,zain924@example.com,0365865043,36-45,Indian,12,406904,Mandarin,74
925,ed7d79530b238e0368ba153d417190a10f79881de8c566751f561c2c511f3884,amna925@example.com,0353219177,55+,American,13,430576,English,63
926,03b536cbbca4430828d28b8b64ce868b4fba2754a178b328e92cd7af5ca3c293,noor926@example.com,0374089735,18-25,Chinese,6,484830,Mandarin,98
927,8f52179728179678784627d6d4da83010da01df70926830bf329b351daa9ec84,noor927@example.com,0341442302,36-45,Saudi,12,175320,Mandarin,64
928,399a3708f0c60998f7d9f7258beb7091a4dccded95865a5a6c3768ed31a2112a,fatima928@example.com,0386593848,26-35,British,0,184735,Mandarin,78
929,75565224b309a9c7fdc94a9a7e3d51f6e251c0643b4bc062875e5f57d9909080,tariq929@example.com,0348177319,18-25,Turkish,13,323588,English,88
930,633acf6ea8d2ff99fdfe3c925023d0fae904b7a9d7516dcd23e5b237b14a9c47,sara930@example.com,0396675610,36-45,Turkish,0,389179,English,65
931,f5284a88305d75fde97962b78d2216013a0a8e81fe55f47cf1db6ec01599a809,omar931@example.com,0336198027,46-55,Indian,7,295626,Urdu,79
932,0f9ad86fa9e227e333656fad335211eff7aebcfdaba9aaf06ee83834c9d53b57,amna932@example.com,0313017721,55+,Saudi,14,420140,English,94
933,bc169993a7386370075c7d5ac94c91bc137714db274897bca72f873b2a2b32fa,rabia933@example.com,0381551995,18-25,Saudi,3,33052,Arabic,93
934,65488970da7ee2d31892bcbb9c359de2e26363df03d9c824e85ca515e16c1e25,sana934@example.com,0360403172,55+,Pakistani,13,221321,Mandarin,85
935,25986f7e1fa2601b3e3bc3216e6fa06b1d641d45fb3326c16721ce44a3f9b826,fatima935@example.com,0387258300,18-25,Indian,0,388611,English,53
936,fdf979aa0ca087f054b215981c3a42667222089ab6065e9e1dc930dd5b593c57,rabia936@example.com,0397169367,55+,Pakistani,6,249040,Urdu,52
937,b024da0cad4b3e9de35b336fa8e0eb954bdcf65263754d3b2fc40df00557c39f,hassan937@example.com,0388352363,36-45,Saudi,15,275161,English,78
938,20da5de76ec2041610208625d247bf69f0e450d99f522debeee2cd29b65cfc52,zara938@example.com,0324403194,36-45,Turkish,16,496772,Mandarin,71
939,0c9b6c5aae9383ef316976df7a1e74a4cedbb091da27145e83ecb1cf9a22619f,fatima939@example.com,0338707964,18-25,Indian,18,304065,Arabic,56
940,6516ecb3c22824045c4fe36675c8e195402d0d2ea6ecce6170fc45a72290e3fc,hina940@example.com,0312278569,55+,American,15,127116,Urdu,70
941,f96b763f04554098c79fecc138c26a8cca9e745e2f6b165fd88070cc4ca9ada3,zara941@example.com,0383227089,36-45,American,14,20564,Urdu,61
942,2a9d46ff40d537330e39146748f7c98770c0e36493f11f705fe3eed211a8ed38,hassan942@example.com,0387906493,55+,Indian,5,27862,English,91
943,f65cc7ca33297c1c03b876747aeb0a49453704c0611e26d8211f33de35f2d33e,maryam943@example.com,0353578375,18-25,British,3,327972,Arabic,70
944,2a4b41b51917f5fdc61b5f924c68ea4dc79d5c6534ff637d16783e5e97b8afbd,tariq944@example.com,0353623911,18-25,Saudi,14,386564,Arabic,98
945,ccef8b6ffdf3328c57a55b80ab8be51505e06016c5ef580d30baf68204dc54a4,ali945@example.com,0311528362,18-25,Indian,9,194750,Mandarin,63
946,9734f50bb6daa72cb85fc997c0016ce908dc653b53329e09bf0066d8ccc6fe5f,sana946@example.com,0363957955,55+,American,1,282459,Urdu,73
947,254d7d8153e7d35a6cfae6b87d88dab45f346be5e5b1b8f16a39b28ee9c9b2fb,sara947@example.com,0329145619,55+,Turkish,10,465911,Arabic,85
948,99f5eb011546ed86eea03f1d5174c8d562a3705649315d528cb3a59534f84f4f,bilal948@example.com,0368554917,46-55,Saudi,13,33446,Mandarin,78
949,0778bd86941e312b3f3d5721680cc969085d9379e0b52385897115ab094191a7,ahmed949@example.com,0318332715,55+,Indian,10,77965,Urdu,70
950,f6d005e464480d5a537328fb21c0aa54b5adf0e5709668deb172167ea882a6c4,hina950@example.com,0356409998,26-35,American,15,341278,English,53
951,9d7d9fba2a847e076a79d425ea501afb0b1720830764cd58ffb9e167a9beff68,rabia951@example.com,0340029270,55+,Pakistani,19,354382,Urdu,92
952,d67da233c8cce78fcf60f74cffa9c9338fcb9cf93d553caa0a0e2c8276658cb9,hamza952@example.com,0359355818,55+,Chinese,3,40916,Urdu,60
953,2dde1952343f2a247821c2d3f1e4060478dc8a9732af151359ad37e995027bec,ali953@example.com,0372634238,18-25,American,15,89400,English,79
954,5b56cfbaccaf2219bc152337eb942174eadef5911b78368da6a329b5a07b3dd5,hamza954@example.com,0334124291,26-35,Turkish,2,219137,Urdu,55
955,e5a6e13268ab810dee8ed882f5bc0dc4fca053bce0131bad984cbe8cb1b15f89,bilal955@example.com,0380015732,26-35,American,4,79000,Mandarin,77
956,000658a98da50a44dc7441e3b37bee98a7a8e0a2330ec6cc6e109eefc6e22f44,tariq956@example.com,0395786137,26-35,British,2,33880,Mandarin,80
957,36fc384645ff3cd5e04a4a09be58235ed2339e72509d253a6fb5921c6defc8e5,ahmed957@example.com,0316760510,26-35,Pakistani,8,77396,Arabic,96
958,f6b5ad82dc146b1defe83c79873ae23694cef7090ab8b1d1265140b0ef330188,ahmed958@example.com,0325483602,46-55,British,5,259091,Mandarin,80
959,63193a8076fe5c98f1eb2313ce6bb488ba72c6b97ad892f56ab3b2cbdea70f8a,ayesha959@example.com,0347233452,36-45,British,4,35792,Urdu,66
960,a56ff337d4904cb12122e077adbbff3de41915127cc1273c314743b07df591d1,sana960@example.com,0398135029,18-25,British,14,130601,Urdu,80
961,3f95394840a6199d2001c64096b46da0f9ba605d5625bd72853e18c702b8d75e,zain961@example.com,0322064537,26-35,American,14,233098,Urdu,59
962,5cdf814cfacd233d41156be9ba67291d7c6c848fa63ae3b952e27792a6ba7e80,sana962@example.com,0320691219,18-25,Saudi,0,454161,English,68
963,a404506ad6cb3f2ea56ff4d770b8270204948ff165718c992e00ef39ae482b21,noor963@example.com,0371431741,46-55,Chinese,14,463293,Urdu,50
964,fbe5e08f014e071af8cad02fdfc39f5bdb829e2c007a98db310dc05d42994b0d,ayesha964@example.com,0313313723,36-45,American,2,134786,English,83
965,5e0ec1b677f7ab125a7da99499d8979385e7c5fc92279d428dea5924698691e7,omar965@example.com,0389511647,55+,Pakistani,6,326359,Arabic,96
966,fd2240ab36c3f338f3f3dd23b7df434bb55e15dea394943aab5d72e94f784de8,ahmed966@example.com,0321783445,55+,Pakistani,5,310159,Urdu,95
967,4b91732ae6b93b0a333cbe5d4666f269b288877ae022c23caf11aa6aae262d57,omar967@example.com,0392094786,36-45,Chinese,14,102554,Arabic,75
968,0ad324f75b5622944c71b358672f4a95fb3655ca985989c3424fbd56117371a0,sana968@example.com,0372956282,55+,Indian,3,97052,Urdu,98
969,210e64570a696e4391527e97d9f8251835b5668ecf9ca35cc4b106a6f0e9a942,hamza969@example.com,0360028641,55+,Saudi,0,430411,English,61
970,02ddd8d6f9d4f71ae0b91a0b22cdfd7e42634c871f43be7de9f5289e94beee6c,ayesha970@example.com,0350603018,46-55,British,11,170811,English,83
971,13e7588d36b0155aded4a76f5478d823a1edb1e0afe5adc84d4505ff7d2d465e,sara971@example.com,0324026520,55+,American,19,200326,English,65
972,6f2013419a4b693feb8d9fc9be21d4dbcd7315d7faff9fa773776e7aaed5d6c0,maryam972@example.com,0377964681,55+,Chinese,2,120034,English,68
973,8532bc9dd39743c21302835c72a8995f9d942ac6908592a665a6a389972c8bb2,ayesha973@example.com,0328735290,55+,American,18,407575,English,59
974,60037596496dc9040ec6f7620b052c17679d631f0eacaf51ae6e9ab9f5c94e69,hamza974@example.com,0366163266,55+,Saudi,17,274237,Arabic,77
975,061500db358e811602a7cd204205dd8e5571530beff82fd42e44d3cc708fce25,maryam975@example.com,0320002457,26-35,Saudi,3,27718,English,52
976,da64ec519d27088d554315e88d1914979cef75e732d9bc1e0cef0433a8039b8d,omar976@example.com,0370633142,26-35,British,16,156075,Arabic,86
977,db2940518f3245fdd26315c14b1ed6992833ff991bb0a3daad4a852c72703c07,ali977@example.com,0349692307,55+,Indian,10,211610,Mandarin,64
978,be81b52d05c9775b2239fdf473d3cb0b11307d8e9fea6bf9e3f0eaad2b8cdf76,ayesha978@example.com,0394439440,26-35,American,18,447507,English,71
979,3fd8b2f260d1048a51a30bf7346935932cdd1a3fd6131f18b80432ec0efc4abb,fatima979@example.com,0328038884,26-35,Pakistani,11,294329,Mandarin,82
980,5cc5890de9d49ea4411f53148e9f57d941dc4354873c204cb6e673e71e4172d4,fatima980@example.com,0369296651,26-35,British,9,287845,Urdu,75
981,9b889e70298ac8bd88b066b8a1945d6909ea243e3aa9f61769bec43141a034e0,amna981@example.com,0312836934,46-55,American,11,170482,Urdu,77
982,4f4760baa6a1befa472f08f3681fbff339be6ac661a83a6e2d037e067aa47bcd,hassan982@example.com,0336200296,26-35,Turkish,5,318152,Urdu,71
983,baec50c5be96ba552e053f791247c65957759cb5dcdc574c32463bec45cf774b,usman983@example.com,0328988196,55+,British,14,474981,English,92
984,77f49f4b80445b6205652e9b13c0797957190a2a95340100a64b531482407549,bilal984@example.com,0330747687,55+,Chinese,11,307019,English,97
985,82c366af96ed19355c2b9c6fc8e4467560062f47f095e2f9b3cc6c50172a8556,ahmed985@example.com,0397367796,36-45,Chinese,18,56023,Arabic,82
986,93d3780e30254109dd9e2c33428d99b6c6e5d5ebdc8bd69a794aae7fd925f894,usman986@example.com,0311589291,55+,American,4,144511,Urdu,85
987,543c5608e54b6811805d6e5ee4aec874d8922d91c0ab6781dbb562b6d18b0e38,ayesha987@example.com,0313224400,55+,Chinese,11,454128,English,61
988,3d278a9f755e54fbf2eae92dc8e1d64605bf9950bb4f6f2778176a90a38db2d1,ali988@example.com,0394572843,46-55,British,16,108035,Mandarin,73
989,ffb1e6819d2d9a16c267ae68c385ec347438b9d430c946f11347847ad352ac28,ahmed989@example.com,0314590585,46-55,British,12,43370,Mandarin,59
990,7bf64d8cafea751ea02f42a78dc7f32cc8b3b30a87ee60a8a498dc87f8ca1239,faisal990@example.com,0318890111,46-55,Pakistani,6,350557,Mandarin,51
991,8896061bc8a094153c4e651b9dbaa68976b3412b5eeb454f07464a0a9d65d2da,tariq991@example.com,0385086712,36-45,Indian,14,191026,Arabic,95
992,47fb0701d7c508430f3293ab091467670a7f3b454a0f9c0f5eeeb6a7bef3c406,zara992@example.com,0372284302,26-35,Indian,18,67803,Mandarin,85
993,6d882e8a0553f6a801434c93747782e5bd6a156ec568d099ef2aecb37d7a2e91,ali993@example.com,0353333570,55+,British,14,392465,Mandarin,86
994,4efcdd3c5a05332a62533c44d3e2555689a7f80bdd7d123669fd66de7f23e88d,sara994@example.com,0350516543,18-25,Turkish,9,466258,Mandarin,87
995,92c0f38c4b7e43888ca5b7075bdbe5b4c8deedb8c34ea4e37f594542ca321f71,amna995@example.com,0374709239,18-25,Turkish,15,351926,Arabic,79
996,1e62ff0f23201331fc697696685423abea21d63a423c752a11cb688895777908,tariq996@example.com,0374931348,46-55,Saudi,19,379561,Arabic,71
997,bb189f3f08eaf56810dd2deea1b3907f17a5f44b7a5167d787ddb2e450207f69,bilal997@example.com,0342719252,18-25,Indian,12,191844,English,58
998,99d95b674b26825a599a343fa8af77a6fb4750aaed502bc3a487a10a4c525569,usman998@example.com,0369711376,55+,Saudi,6,396618,English,71
999,7c910f116c9cc2034d4622bce453d0b5036110c7c08860537f8d74d0db87ff8a,omar999@example.com,0332166027,55+,Chinese,4,215384,English,89
